/*******************************************************************************
 * Size: 70 px
 * Bpp: 1
 * Opts: --bpp 1 --size 70 --font C:/Users/sami/SquareLine/examples/3d_printer/assets/fonts/Montserrat-SemiBold.ttf -o C:/Users/sami/SquareLine/examples/3d_printer/assets/fonts\lv_font_montserrat_48.c --format lvgl -r 0x20-0x7f --symbols : --no-compress --no-prefilter
 ******************************************************************************/

#include "ui.h"

#ifndef UI_FONT_HUGETEXT
#define UI_FONT_HUGETEXT 1
#endif

#if UI_FONT_HUGETEXT

/*-----------------
 *    BITMAPS
 *----------------*/

/*Store the image of the glyphs*/
static LV_ATTRIBUTE_LARGE_CONST const uint8_t glyph_bitmap[] = {
    /* U+0020 " " */
    0x0,

    /* U+0021 "!" */
    0x7f, 0xef, 0xfd, 0xff, 0xbf, 0xe7, 0xfc, 0xff,
    0x9f, 0xf3, 0xfe, 0x7f, 0xcf, 0xf9, 0xff, 0x3f,
    0xe7, 0xfc, 0xff, 0x9f, 0xf3, 0xfe, 0x7f, 0xcf,
    0xf9, 0xff, 0x3f, 0xe7, 0xfc, 0x7f, 0x8f, 0xe1,
    0xfc, 0x3f, 0x87, 0xf0, 0xfe, 0x1f, 0xc3, 0xf8,
    0x7f, 0xf, 0xe1, 0xfc, 0x3f, 0x80, 0x0, 0x0,
    0x0, 0x0, 0x0, 0x0, 0x0, 0x1, 0xfc, 0x7f,
    0xcf, 0xfb, 0xff, 0xff, 0xff, 0xff, 0xff, 0xdf,
    0xf3, 0xfe, 0x3f, 0x80, 0x80,

    /* U+0022 "\"" */
    0xfe, 0x7, 0xff, 0xe0, 0x7f, 0xfe, 0x7, 0xff,
    0xe0, 0x7f, 0xfe, 0x7, 0xff, 0xe0, 0x7f, 0xfe,
    0x7, 0xff, 0xe0, 0x7f, 0xfe, 0x7, 0xff, 0xe0,
    0x7f, 0xfe, 0x7, 0xff, 0xe0, 0x7f, 0xfe, 0x7,
    0xff, 0xe0, 0x7f, 0xfe, 0x7, 0xff, 0xe0, 0x7f,
    0xfe, 0x7, 0xff, 0xe0, 0x7f, 0xfe, 0x7, 0xf0,

    /* U+0023 "#" */
    0x0, 0x3, 0xf0, 0x0, 0xfc, 0x0, 0x0, 0xf,
    0xc0, 0x3, 0xf0, 0x0, 0x0, 0x7f, 0x0, 0xf,
    0xc0, 0x0, 0x1, 0xfc, 0x0, 0x7f, 0x0, 0x0,
    0x7, 0xf0, 0x1, 0xfc, 0x0, 0x0, 0x1f, 0x80,
    0x7, 0xf0, 0x0, 0x0, 0x7e, 0x0, 0x1f, 0x80,
    0x0, 0x1, 0xf8, 0x0, 0x7e, 0x0, 0x0, 0x7,
    0xe0, 0x1, 0xf8, 0x0, 0x0, 0x3f, 0x80, 0x7,
    0xe0, 0x0, 0x0, 0xfe, 0x0, 0x3f, 0x80, 0xf,
    0xff, 0xff, 0xff, 0xff, 0xff, 0x3f, 0xff, 0xff,
    0xff, 0xff, 0xfc, 0xff, 0xff, 0xff, 0xff, 0xff,
    0xf3, 0xff, 0xff, 0xff, 0xff, 0xff, 0xcf, 0xff,
    0xff, 0xff, 0xff, 0xff, 0x3f, 0xff, 0xff, 0xff,
    0xff, 0xfc, 0xff, 0xff, 0xff, 0xff, 0xff, 0xf0,
    0x1, 0xfc, 0x0, 0x3f, 0x0, 0x0, 0x7, 0xf0,
    0x1, 0xfc, 0x0, 0x0, 0x1f, 0xc0, 0x7, 0xf0,
    0x0, 0x0, 0x7e, 0x0, 0x1f, 0xc0, 0x0, 0x1,
    0xf8, 0x0, 0x7e, 0x0, 0x0, 0x7, 0xe0, 0x1,
    0xf8, 0x0, 0x0, 0x1f, 0x80, 0x7, 0xe0, 0x0,
    0x0, 0xfe, 0x0, 0x1f, 0x80, 0x0, 0x3, 0xf8,
    0x0, 0x7e, 0x0, 0x0, 0xf, 0xe0, 0x3, 0xf8,
    0x0, 0x0, 0x3f, 0x0, 0xf, 0xe0, 0x0, 0x0,
    0xfc, 0x0, 0x3f, 0x80, 0xf, 0xff, 0xff, 0xff,
    0xff, 0xff, 0x3f, 0xff, 0xff, 0xff, 0xff, 0xfc,
    0xff, 0xff, 0xff, 0xff, 0xff, 0xf3, 0xff, 0xff,
    0xff, 0xff, 0xff, 0xcf, 0xff, 0xff, 0xff, 0xff,
    0xff, 0x3f, 0xff, 0xff, 0xff, 0xff, 0xfc, 0xff,
    0xff, 0xff, 0xff, 0xff, 0xf0, 0x1, 0xf8, 0x0,
    0x7f, 0x0, 0x0, 0x7, 0xe0, 0x1, 0xfc, 0x0,
    0x0, 0x1f, 0x80, 0x7, 0xe0, 0x0, 0x0, 0x7e,
    0x0, 0x1f, 0x80, 0x0, 0x1, 0xf8, 0x0, 0x7e,
    0x0, 0x0, 0xf, 0xe0, 0x1, 0xf8, 0x0, 0x0,
    0x3f, 0x80, 0x7, 0xe0, 0x0, 0x0, 0xfe, 0x0,
    0x3f, 0x80, 0x0, 0x3, 0xf0, 0x0, 0xfe, 0x0,
    0x0, 0xf, 0xc0, 0x3, 0xf8, 0x0, 0x0, 0x3f,
    0x0, 0xf, 0xc0, 0x0, 0x0, 0xfc, 0x0, 0x3f,
    0x0, 0x0,

    /* U+0024 "$" */
    0x0, 0x0, 0x7e, 0x0, 0x0, 0x0, 0x0, 0xfc,
    0x0, 0x0, 0x0, 0x1, 0xf8, 0x0, 0x0, 0x0,
    0x3, 0xf0, 0x0, 0x0, 0x0, 0x7, 0xe0, 0x0,
    0x0, 0x0, 0xf, 0xc0, 0x0, 0x0, 0x0, 0x1f,
    0x80, 0x0, 0x0, 0x0, 0x3f, 0x0, 0x0, 0x0,
    0x0, 0x7e, 0x0, 0x0, 0x0, 0x1f, 0xff, 0xf8,
    0x0, 0x1, 0xff, 0xff, 0xfe, 0x0, 0xf, 0xff,
    0xff, 0xff, 0x0, 0x3f, 0xff, 0xff, 0xff, 0x80,
    0xff, 0xff, 0xff, 0xff, 0x3, 0xff, 0xff, 0xff,
    0xfc, 0xf, 0xff, 0xff, 0xff, 0xf8, 0x1f, 0xfe,
    0x7e, 0x3f, 0xe0, 0x7f, 0xf0, 0xfc, 0xf, 0xc0,
    0xff, 0xc1, 0xf8, 0x3, 0x83, 0xff, 0x3, 0xf0,
    0x0, 0x7, 0xfc, 0x7, 0xe0, 0x0, 0xf, 0xf8,
    0xf, 0xc0, 0x0, 0x1f, 0xf0, 0x1f, 0x80, 0x0,
    0x3f, 0xe0, 0x3f, 0x0, 0x0, 0x7f, 0xc0, 0x7e,
    0x0, 0x0, 0xff, 0xc0, 0xfc, 0x0, 0x1, 0xff,
    0xc1, 0xf8, 0x0, 0x1, 0xff, 0xe3, 0xf0, 0x0,
    0x3, 0xff, 0xff, 0xe0, 0x0, 0x3, 0xff, 0xff,
    0xc0, 0x0, 0x7, 0xff, 0xff, 0xe0, 0x0, 0x7,
    0xff, 0xff, 0xf8, 0x0, 0x7, 0xff, 0xff, 0xfe,
    0x0, 0x3, 0xff, 0xff, 0xff, 0x0, 0x1, 0xff,
    0xff, 0xff, 0x0, 0x0, 0xff, 0xff, 0xff, 0x80,
    0x0, 0x1f, 0xff, 0xff, 0x0, 0x0, 0xf, 0xff,
    0xff, 0x0, 0x0, 0x1f, 0xff, 0xff, 0x0, 0x0,
    0x3f, 0x1f, 0xfe, 0x0, 0x0, 0x7e, 0x1f, 0xfe,
    0x0, 0x0, 0xfc, 0xf, 0xfc, 0x0, 0x1, 0xf8,
    0x1f, 0xf8, 0x0, 0x3, 0xf0, 0x1f, 0xf0, 0x0,
    0x7, 0xe0, 0x3f, 0xe0, 0x0, 0xf, 0xc0, 0x7f,
    0xc4, 0x0, 0x1f, 0x80, 0xff, 0x9e, 0x0, 0x3f,
    0x3, 0xff, 0x3f, 0x0, 0x7e, 0x7, 0xfc, 0xff,
    0x80, 0xfc, 0x3f, 0xf9, 0xff, 0xe1, 0xf9, 0xff,
    0xe3, 0xff, 0xff, 0xff, 0xff, 0xcf, 0xff, 0xff,
    0xff, 0xff, 0xf, 0xff, 0xff, 0xff, 0xfc, 0xf,
    0xff, 0xff, 0xff, 0xf0, 0x7, 0xff, 0xff, 0xff,
    0xc0, 0x3, 0xff, 0xff, 0xfe, 0x0, 0x0, 0xff,
    0xff, 0xe0, 0x0, 0x0, 0x3, 0xf8, 0x0, 0x0,
    0x0, 0x3, 0xf0, 0x0, 0x0, 0x0, 0x7, 0xe0,
    0x0, 0x0, 0x0, 0xf, 0xc0, 0x0, 0x0, 0x0,
    0x1f, 0x80, 0x0, 0x0, 0x0, 0x3f, 0x0, 0x0,
    0x0, 0x0, 0x7e, 0x0, 0x0, 0x0, 0x0, 0xfc,
    0x0, 0x0,

    /* U+0025 "%" */
    0x0, 0x0, 0x0, 0x0, 0x0, 0x0, 0x0, 0x1,
    0xff, 0x80, 0x0, 0x0, 0x7f, 0x0, 0x7, 0xff,
    0xe0, 0x0, 0x0, 0xfe, 0x0, 0xf, 0xff, 0xf0,
    0x0, 0x0, 0xfc, 0x0, 0x1f, 0xff, 0xf8, 0x0,
    0x1, 0xfc, 0x0, 0x3f, 0xff, 0xfc, 0x0, 0x3,
    0xf8, 0x0, 0x3f, 0x81, 0xfc, 0x0, 0x3, 0xf0,
    0x0, 0x7f, 0x0, 0xfe, 0x0, 0x7, 0xf0, 0x0,
    0x7e, 0x0, 0x7e, 0x0, 0xf, 0xe0, 0x0, 0xfe,
    0x0, 0x7e, 0x0, 0x1f, 0xc0, 0x0, 0xfc, 0x0,
    0x3f, 0x0, 0x1f, 0xc0, 0x0, 0xfc, 0x0, 0x3f,
    0x0, 0x3f, 0x80, 0x0, 0xfc, 0x0, 0x3f, 0x0,
    0x7f, 0x0, 0x0, 0xfc, 0x0, 0x3f, 0x0, 0x7f,
    0x0, 0x0, 0xfc, 0x0, 0x3f, 0x0, 0xfe, 0x0,
    0x0, 0xfc, 0x0, 0x3f, 0x1, 0xfc, 0x0, 0x0,
    0xfc, 0x0, 0x3f, 0x1, 0xfc, 0x0, 0x0, 0xfe,
    0x0, 0x3f, 0x3, 0xf8, 0x0, 0x0, 0x7e, 0x0,
    0x7e, 0x7, 0xf0, 0x0, 0x0, 0x7e, 0x0, 0x7e,
    0x7, 0xf0, 0x0, 0x0, 0x7f, 0x0, 0xfe, 0xf,
    0xe0, 0x0, 0x0, 0x3f, 0xc3, 0xfc, 0x1f, 0xc0,
    0x0, 0x0, 0x1f, 0xff, 0xf8, 0x1f, 0xc0, 0x0,
    0x0, 0x1f, 0xff, 0xf8, 0x3f, 0x80, 0xff, 0x0,
    0xf, 0xff, 0xe0, 0x7f, 0x3, 0xff, 0xc0, 0x3,
    0xff, 0xc0, 0x7e, 0x7, 0xff, 0xe0, 0x0, 0xff,
    0x0, 0xfe, 0xf, 0xff, 0xf0, 0x0, 0x0, 0x1,
    0xfc, 0x1f, 0xff, 0xf8, 0x0, 0x0, 0x1, 0xf8,
    0x3f, 0xc3, 0xfc, 0x0, 0x0, 0x3, 0xf8, 0x7f,
    0x0, 0xfc, 0x0, 0x0, 0x7, 0xf0, 0x7e, 0x0,
    0xfe, 0x0, 0x0, 0x7, 0xe0, 0x7e, 0x0, 0x7e,
    0x0, 0x0, 0xf, 0xe0, 0xfe, 0x0, 0x7f, 0x0,
    0x0, 0x1f, 0xc0, 0xfc, 0x0, 0x3f, 0x0, 0x0,
    0x3f, 0x80, 0xfc, 0x0, 0x3f, 0x0, 0x0, 0x3f,
    0x80, 0xfc, 0x0, 0x3f, 0x0, 0x0, 0x7f, 0x0,
    0xfc, 0x0, 0x3f, 0x0, 0x0, 0xfe, 0x0, 0xfc,
    0x0, 0x3f, 0x0, 0x0, 0xfe, 0x0, 0xfc, 0x0,
    0x3f, 0x0, 0x1, 0xfc, 0x0, 0xfc, 0x0, 0x3f,
    0x0, 0x3, 0xf8, 0x0, 0xfc, 0x0, 0x3f, 0x0,
    0x3, 0xf8, 0x0, 0x7e, 0x0, 0x7e, 0x0, 0x7,
    0xf0, 0x0, 0x7e, 0x0, 0x7e, 0x0, 0xf, 0xe0,
    0x0, 0x7f, 0x0, 0xfe, 0x0, 0xf, 0xe0, 0x0,
    0x3f, 0x81, 0xfc, 0x0, 0x1f, 0xc0, 0x0, 0x3f,
    0xff, 0xfc, 0x0, 0x3f, 0x80, 0x0, 0x1f, 0xff,
    0xf8, 0x0, 0x3f, 0x80, 0x0, 0xf, 0xff, 0xf0,
    0x0, 0x7f, 0x0, 0x0, 0x7, 0xff, 0xe0, 0x0,
    0xfe, 0x0, 0x0, 0x1, 0xff, 0x80, 0x0, 0x0,
    0x0, 0x0, 0x0, 0x18, 0x0,

    /* U+0026 "&" */
    0x0, 0x0, 0x0, 0x0, 0x0, 0x0, 0x0, 0x1f,
    0xfe, 0x0, 0x0, 0x0, 0x3, 0xff, 0xfc, 0x0,
    0x0, 0x0, 0x7f, 0xff, 0xf8, 0x0, 0x0, 0x7,
    0xff, 0xff, 0xe0, 0x0, 0x0, 0x7f, 0xff, 0xff,
    0x0, 0x0, 0x7, 0xff, 0xff, 0xfc, 0x0, 0x0,
    0x3f, 0xff, 0xff, 0xe0, 0x0, 0x1, 0xff, 0x0,
    0xff, 0x80, 0x0, 0x1f, 0xf0, 0x3, 0xfc, 0x0,
    0x0, 0xff, 0x0, 0xf, 0xe0, 0x0, 0x7, 0xf8,
    0x0, 0x7f, 0x0, 0x0, 0x3f, 0xc0, 0x3, 0xf8,
    0x0, 0x1, 0xfe, 0x0, 0x1f, 0xc0, 0x0, 0xf,
    0xf0, 0x1, 0xfe, 0x0, 0x0, 0x7f, 0xc0, 0xf,
    0xe0, 0x0, 0x1, 0xff, 0x1, 0xff, 0x0, 0x0,
    0xf, 0xf8, 0x1f, 0xf0, 0x0, 0x0, 0x3f, 0xe1,
    0xff, 0x80, 0x0, 0x1, 0xff, 0xbf, 0xf8, 0x0,
    0x0, 0x7, 0xff, 0xff, 0x80, 0x0, 0x0, 0x1f,
    0xff, 0xf0, 0x0, 0x0, 0x0, 0x7f, 0xff, 0x0,
    0x0, 0x0, 0x3, 0xff, 0xf0, 0x0, 0x0, 0x0,
    0x7f, 0xff, 0x0, 0x0, 0x0, 0x7, 0xff, 0xfc,
    0x0, 0x0, 0x0, 0xff, 0xff, 0xf0, 0x3, 0x0,
    0xf, 0xff, 0xff, 0xc0, 0x1f, 0x0, 0xff, 0xe7,
    0xff, 0x0, 0xfe, 0xf, 0xfe, 0x1f, 0xfc, 0xf,
    0xf0, 0xff, 0xc0, 0x7f, 0xf0, 0x7f, 0x87, 0xfc,
    0x1, 0xff, 0xc3, 0xfc, 0x7f, 0xc0, 0x7, 0xff,
    0x3f, 0xc3, 0xfe, 0x0, 0x1f, 0xfd, 0xfe, 0x3f,
    0xe0, 0x0, 0x7f, 0xff, 0xe1, 0xff, 0x0, 0x0,
    0xff, 0xff, 0xf, 0xf8, 0x0, 0x3, 0xff, 0xf8,
    0x7f, 0xc0, 0x0, 0xf, 0xff, 0x83, 0xfe, 0x0,
    0x0, 0x3f, 0xf8, 0x1f, 0xf8, 0x0, 0x0, 0xff,
    0xc0, 0xff, 0xc0, 0x0, 0xf, 0xff, 0x3, 0xff,
    0x0, 0x0, 0xff, 0xfc, 0x1f, 0xfe, 0x0, 0x1f,
    0xff, 0xf0, 0x7f, 0xff, 0xff, 0xff, 0xff, 0xc3,
    0xff, 0xff, 0xff, 0xff, 0xff, 0x8f, 0xff, 0xff,
    0xff, 0xcf, 0xfc, 0x3f, 0xff, 0xff, 0xfc, 0x3f,
    0xc0, 0x7f, 0xff, 0xff, 0x80, 0xfc, 0x0, 0xff,
    0xff, 0xf0, 0x3, 0xc0, 0x1, 0xff, 0xfc, 0x0,
    0xc, 0x0, 0x0, 0x18, 0x0, 0x0, 0x0,

    /* U+0027 "'" */
    0xff, 0xff, 0xff, 0xff, 0xff, 0xff, 0xff, 0xff,
    0xff, 0xff, 0xff, 0xff, 0xff, 0xff, 0xff, 0xff,
    0xf8,

    /* U+0028 "(" */
    0x0, 0x7f, 0x80, 0x7f, 0x80, 0x7f, 0xc0, 0x3f,
    0xc0, 0x3f, 0xe0, 0x1f, 0xe0, 0x1f, 0xf0, 0xf,
    0xf8, 0xf, 0xf8, 0x7, 0xfc, 0x3, 0xfe, 0x3,
    0xfe, 0x1, 0xff, 0x0, 0xff, 0x80, 0xff, 0x80,
    0x7f, 0xc0, 0x3f, 0xe0, 0x1f, 0xf0, 0x1f, 0xf0,
    0xf, 0xf8, 0x7, 0xfc, 0x3, 0xfe, 0x1, 0xff,
    0x0, 0xff, 0x80, 0xff, 0x80, 0x7f, 0xc0, 0x3f,
    0xe0, 0x1f, 0xf0, 0xf, 0xf8, 0x7, 0xfc, 0x3,
    0xfe, 0x1, 0xff, 0x0, 0xff, 0x80, 0x7f, 0xc0,
    0x3f, 0xe0, 0x1f, 0xf0, 0xf, 0xf8, 0x7, 0xfc,
    0x3, 0xfe, 0x1, 0xff, 0x0, 0xff, 0x80, 0x7f,
    0xc0, 0x1f, 0xf0, 0xf, 0xf8, 0x7, 0xfc, 0x3,
    0xfe, 0x1, 0xff, 0x0, 0xff, 0x80, 0x3f, 0xe0,
    0x1f, 0xf0, 0xf, 0xf8, 0x7, 0xfc, 0x1, 0xff,
    0x0, 0xff, 0x80, 0x7f, 0xc0, 0x1f, 0xf0, 0xf,
    0xf8, 0x7, 0xfc, 0x1, 0xff, 0x0, 0xff, 0x80,
    0x3f, 0xc0, 0x1f, 0xf0, 0x7, 0xf8, 0x3, 0xfe,
    0x0, 0xff, 0x0, 0x3f, 0xc0,

    /* U+0029 ")" */
    0xff, 0x0, 0x7f, 0xc0, 0x1f, 0xf0, 0xf, 0xf8,
    0x3, 0xfe, 0x1, 0xff, 0x0, 0x7f, 0xc0, 0x3f,
    0xe0, 0xf, 0xf8, 0x7, 0xfc, 0x3, 0xfe, 0x0,
    0xff, 0x80, 0x7f, 0xc0, 0x3f, 0xe0, 0xf, 0xf8,
    0x7, 0xfc, 0x3, 0xfe, 0x1, 0xff, 0x0, 0x7f,
    0xc0, 0x3f, 0xe0, 0x1f, 0xf0, 0xf, 0xf8, 0x7,
    0xfc, 0x3, 0xfe, 0x0, 0xff, 0x80, 0x7f, 0xc0,
    0x3f, 0xe0, 0x1f, 0xf0, 0xf, 0xf8, 0x7, 0xfc,
    0x3, 0xfe, 0x1, 0xff, 0x0, 0xff, 0x80, 0x7f,
    0xc0, 0x3f, 0xe0, 0x1f, 0xf0, 0xf, 0xf8, 0x7,
    0xfc, 0x3, 0xfe, 0x1, 0xff, 0x0, 0xff, 0x80,
    0x7f, 0xc0, 0x7f, 0xc0, 0x3f, 0xe0, 0x1f, 0xf0,
    0xf, 0xf8, 0x7, 0xfc, 0x3, 0xfe, 0x3, 0xfe,
    0x1, 0xff, 0x0, 0xff, 0x80, 0x7f, 0xc0, 0x7f,
    0xc0, 0x3f, 0xe0, 0x1f, 0xf0, 0x1f, 0xf0, 0xf,
    0xf8, 0x7, 0xfc, 0x7, 0xfc, 0x3, 0xfe, 0x3,
    0xfe, 0x1, 0xff, 0x1, 0xff, 0x0, 0xff, 0x80,
    0xff, 0x80, 0x7f, 0x80, 0x0,

    /* U+002A "*" */
    0x0, 0x1f, 0x0, 0x0, 0x3, 0xe0, 0x0, 0x0,
    0x7c, 0x0, 0x0, 0xf, 0x80, 0x0, 0x1, 0xf0,
    0x0, 0x70, 0x3e, 0x7, 0xf, 0x87, 0xc3, 0xe3,
    0xfc, 0xf8, 0xfe, 0x7f, 0xdf, 0x7f, 0xef, 0xff,
    0xff, 0xf8, 0x7f, 0xff, 0xfc, 0x3, 0xff, 0xfe,
    0x0, 0x3f, 0xff, 0x80, 0x1, 0xff, 0xc0, 0x0,
    0xff, 0xfe, 0x0, 0x3f, 0xff, 0xf0, 0x1f, 0xff,
    0xff, 0xf, 0xff, 0xff, 0xf9, 0xff, 0x7d, 0xff,
    0xbf, 0x8f, 0x8f, 0xe3, 0xe1, 0xf0, 0xf8, 0x70,
    0x3e, 0x7, 0x0, 0x7, 0xc0, 0x0, 0x0, 0xf8,
    0x0, 0x0, 0x1f, 0x0, 0x0, 0x3, 0xe0, 0x0,
    0x0, 0x7c, 0x0, 0x0,

    /* U+002B "+" */
    0x0, 0xf, 0xf0, 0x0, 0x0, 0xf, 0xf0, 0x0,
    0x0, 0xf, 0xf0, 0x0, 0x0, 0xf, 0xf0, 0x0,
    0x0, 0xf, 0xf0, 0x0, 0x0, 0xf, 0xf0, 0x0,
    0x0, 0xf, 0xf0, 0x0, 0x0, 0xf, 0xf0, 0x0,
    0x0, 0xf, 0xf0, 0x0, 0x0, 0xf, 0xf0, 0x0,
    0x0, 0xf, 0xf0, 0x0, 0x0, 0xf, 0xf0, 0x0,
    0xff, 0xff, 0xff, 0xff, 0xff, 0xff, 0xff, 0xff,
    0xff, 0xff, 0xff, 0xff, 0xff, 0xff, 0xff, 0xff,
    0xff, 0xff, 0xff, 0xff, 0xff, 0xff, 0xff, 0xff,
    0xff, 0xff, 0xff, 0xff, 0x0, 0xf, 0xf0, 0x0,
    0x0, 0xf, 0xf0, 0x0, 0x0, 0xf, 0xf0, 0x0,
    0x0, 0xf, 0xf0, 0x0, 0x0, 0xf, 0xf0, 0x0,
    0x0, 0xf, 0xf0, 0x0, 0x0, 0xf, 0xf0, 0x0,
    0x0, 0xf, 0xf0, 0x0, 0x0, 0xf, 0xf0, 0x0,
    0x0, 0xf, 0xf0, 0x0, 0x0, 0xf, 0xf0, 0x0,
    0x0, 0xf, 0xf0, 0x0,

    /* U+002C "," */
    0x1f, 0x7, 0xf1, 0xff, 0x7f, 0xff, 0xff, 0xff,
    0xff, 0xff, 0xff, 0x7f, 0xef, 0xf8, 0xff, 0xf,
    0xe1, 0xf8, 0x3f, 0xf, 0xe1, 0xf8, 0x3f, 0x7,
    0xe1, 0xf8, 0x3f, 0x7, 0xe0, 0xf8, 0x0,

    /* U+002D "-" */
    0xff, 0xff, 0xff, 0xff, 0xff, 0xff, 0xff, 0xff,
    0xff, 0xff, 0xff, 0xff, 0xff, 0xff, 0xff, 0xff,
    0xf8,

    /* U+002E "." */
    0x4, 0x7, 0xf1, 0xff, 0x7f, 0xef, 0xff, 0xff,
    0xff, 0xff, 0xff, 0x7f, 0xcf, 0xf8, 0xfe, 0x2,
    0x0,

    /* U+002F "/" */
    0x0, 0x0, 0x1, 0xfe, 0x0, 0x0, 0x3, 0xfc,
    0x0, 0x0, 0xf, 0xf0, 0x0, 0x0, 0x1f, 0xe0,
    0x0, 0x0, 0x3f, 0x80, 0x0, 0x0, 0xff, 0x0,
    0x0, 0x1, 0xfe, 0x0, 0x0, 0x3, 0xf8, 0x0,
    0x0, 0xf, 0xf0, 0x0, 0x0, 0x1f, 0xe0, 0x0,
    0x0, 0x3f, 0x80, 0x0, 0x0, 0xff, 0x0, 0x0,
    0x1, 0xfe, 0x0, 0x0, 0x7, 0xf8, 0x0, 0x0,
    0xf, 0xf0, 0x0, 0x0, 0x1f, 0xe0, 0x0, 0x0,
    0x7f, 0x80, 0x0, 0x0, 0xff, 0x0, 0x0, 0x1,
    0xfe, 0x0, 0x0, 0x7, 0xf8, 0x0, 0x0, 0xf,
    0xf0, 0x0, 0x0, 0x1f, 0xe0, 0x0, 0x0, 0x7f,
    0x80, 0x0, 0x0, 0xff, 0x0, 0x0, 0x1, 0xfe,
    0x0, 0x0, 0x7, 0xf8, 0x0, 0x0, 0xf, 0xf0,
    0x0, 0x0, 0x1f, 0xc0, 0x0, 0x0, 0x7f, 0x80,
    0x0, 0x0, 0xff, 0x0, 0x0, 0x1, 0xfc, 0x0,
    0x0, 0x7, 0xf8, 0x0, 0x0, 0xf, 0xf0, 0x0,
    0x0, 0x1f, 0xc0, 0x0, 0x0, 0x7f, 0x80, 0x0,
    0x0, 0xff, 0x0, 0x0, 0x3, 0xfc, 0x0, 0x0,
    0x7, 0xf8, 0x0, 0x0, 0xf, 0xf0, 0x0, 0x0,
    0x3f, 0xc0, 0x0, 0x0, 0x7f, 0x80, 0x0, 0x0,
    0xff, 0x0, 0x0, 0x3, 0xfc, 0x0, 0x0, 0x7,
    0xf8, 0x0, 0x0, 0xf, 0xf0, 0x0, 0x0, 0x3f,
    0xc0, 0x0, 0x0, 0x7f, 0x80, 0x0, 0x0, 0xff,
    0x0, 0x0, 0x3, 0xfc, 0x0, 0x0, 0x7, 0xf8,
    0x0, 0x0, 0xf, 0xe0, 0x0, 0x0, 0x3f, 0xc0,
    0x0, 0x0, 0x7f, 0x80, 0x0, 0x0, 0xfe, 0x0,
    0x0, 0x3, 0xfc, 0x0, 0x0, 0x7, 0xf8, 0x0,
    0x0, 0xf, 0xe0, 0x0, 0x0, 0x3f, 0xc0, 0x0,
    0x0, 0x7f, 0x80, 0x0, 0x1, 0xfe, 0x0, 0x0,
    0x3, 0xfc, 0x0, 0x0, 0x7, 0xf8, 0x0, 0x0,
    0x1f, 0xe0, 0x0, 0x0, 0x3f, 0xc0, 0x0, 0x0,
    0x7f, 0x80, 0x0, 0x1, 0xfe, 0x0, 0x0, 0x3,
    0xfc, 0x0, 0x0, 0x0,

    /* U+0030 "0" */
    0x0, 0x0, 0x8, 0x0, 0x0, 0x0, 0x1, 0xff,
    0xf0, 0x0, 0x0, 0x3, 0xff, 0xfe, 0x0, 0x0,
    0x7, 0xff, 0xff, 0xc0, 0x0, 0xf, 0xff, 0xff,
    0xf0, 0x0, 0xf, 0xff, 0xff, 0xfe, 0x0, 0xf,
    0xff, 0xff, 0xff, 0x80, 0xf, 0xff, 0xff, 0xff,
    0xe0, 0x7, 0xff, 0xff, 0xff, 0xf0, 0x7, 0xff,
    0x80, 0x3f, 0xfc, 0x7, 0xff, 0x0, 0x7, 0xff,
    0x3, 0xff, 0x0, 0x1, 0xff, 0x83, 0xff, 0x0,
    0x0, 0x7f, 0xe1, 0xff, 0x80, 0x0, 0x3f, 0xf0,
    0xff, 0x80, 0x0, 0xf, 0xf8, 0xff, 0xc0, 0x0,
    0x7, 0xfe, 0x7f, 0xc0, 0x0, 0x1, 0xff, 0x3f,
    0xe0, 0x0, 0x0, 0xff, 0x9f, 0xf0, 0x0, 0x0,
    0x7f, 0xdf, 0xf0, 0x0, 0x0, 0x3f, 0xff, 0xf8,
    0x0, 0x0, 0xf, 0xff, 0xfc, 0x0, 0x0, 0x7,
    0xff, 0xfe, 0x0, 0x0, 0x3, 0xff, 0xff, 0x0,
    0x0, 0x1, 0xff, 0xff, 0x80, 0x0, 0x0, 0xff,
    0xff, 0xc0, 0x0, 0x0, 0x7f, 0xff, 0xe0, 0x0,
    0x0, 0x3f, 0xff, 0xf0, 0x0, 0x0, 0x1f, 0xff,
    0xf8, 0x0, 0x0, 0xf, 0xff, 0xfc, 0x0, 0x0,
    0x7, 0xff, 0xfe, 0x0, 0x0, 0x3, 0xff, 0xff,
    0x0, 0x0, 0x3, 0xff, 0x7f, 0xc0, 0x0, 0x1,
    0xff, 0x3f, 0xe0, 0x0, 0x0, 0xff, 0x9f, 0xf0,
    0x0, 0x0, 0x7f, 0xcf, 0xfc, 0x0, 0x0, 0x7f,
    0xe3, 0xfe, 0x0, 0x0, 0x3f, 0xe1, 0xff, 0x80,
    0x0, 0x3f, 0xf0, 0xff, 0xc0, 0x0, 0x1f, 0xf8,
    0x3f, 0xf0, 0x0, 0x1f, 0xf8, 0x1f, 0xfc, 0x0,
    0x1f, 0xfc, 0x7, 0xff, 0x80, 0x3f, 0xfc, 0x1,
    0xff, 0xff, 0xff, 0xfc, 0x0, 0xff, 0xff, 0xff,
    0xfe, 0x0, 0x3f, 0xff, 0xff, 0xfe, 0x0, 0xf,
    0xff, 0xff, 0xfe, 0x0, 0x3, 0xff, 0xff, 0xfc,
    0x0, 0x0, 0x7f, 0xff, 0xfc, 0x0, 0x0, 0xf,
    0xff, 0xf8, 0x0, 0x0, 0x1, 0xff, 0xf0, 0x0,
    0x0, 0x0, 0x6, 0x0, 0x0, 0x0,

    /* U+0031 "1" */
    0xff, 0xff, 0xff, 0xff, 0xff, 0xff, 0xff, 0xff,
    0xff, 0xff, 0xff, 0xff, 0xff, 0xff, 0xff, 0xff,
    0xff, 0xf0, 0x1, 0xff, 0x0, 0x1f, 0xf0, 0x1,
    0xff, 0x0, 0x1f, 0xf0, 0x1, 0xff, 0x0, 0x1f,
    0xf0, 0x1, 0xff, 0x0, 0x1f, 0xf0, 0x1, 0xff,
    0x0, 0x1f, 0xf0, 0x1, 0xff, 0x0, 0x1f, 0xf0,
    0x1, 0xff, 0x0, 0x1f, 0xf0, 0x1, 0xff, 0x0,
    0x1f, 0xf0, 0x1, 0xff, 0x0, 0x1f, 0xf0, 0x1,
    0xff, 0x0, 0x1f, 0xf0, 0x1, 0xff, 0x0, 0x1f,
    0xf0, 0x1, 0xff, 0x0, 0x1f, 0xf0, 0x1, 0xff,
    0x0, 0x1f, 0xf0, 0x1, 0xff, 0x0, 0x1f, 0xf0,
    0x1, 0xff, 0x0, 0x1f, 0xf0, 0x1, 0xff, 0x0,
    0x1f, 0xf0, 0x1, 0xff, 0x0, 0x1f, 0xf0, 0x1,
    0xff, 0x0, 0x1f, 0xf0, 0x1, 0xff, 0x0, 0x1f,
    0xf0, 0x1, 0xff, 0x0, 0x1f, 0xf0, 0x1, 0xff,
    0x0, 0x1f, 0xf0,

    /* U+0032 "2" */
    0x0, 0x0, 0x0, 0x0, 0x0, 0x0, 0x7f, 0xff,
    0x0, 0x0, 0xf, 0xff, 0xff, 0x0, 0x0, 0xff,
    0xff, 0xff, 0x0, 0xf, 0xff, 0xff, 0xfe, 0x0,
    0x7f, 0xff, 0xff, 0xfe, 0x3, 0xff, 0xff, 0xff,
    0xf8, 0x1f, 0xff, 0xff, 0xff, 0xf0, 0xff, 0xff,
    0xff, 0xff, 0xe1, 0xff, 0xc0, 0x7, 0xff, 0x83,
    0xfc, 0x0, 0x7, 0xfe, 0x3, 0xe0, 0x0, 0xf,
    0xfc, 0x7, 0x0, 0x0, 0x3f, 0xf0, 0x8, 0x0,
    0x0, 0x7f, 0xc0, 0x0, 0x0, 0x1, 0xff, 0x0,
    0x0, 0x0, 0x7, 0xfc, 0x0, 0x0, 0x0, 0x1f,
    0xf0, 0x0, 0x0, 0x0, 0x7f, 0xc0, 0x0, 0x0,
    0x1, 0xff, 0x0, 0x0, 0x0, 0xf, 0xf8, 0x0,
    0x0, 0x0, 0x3f, 0xe0, 0x0, 0x0, 0x1, 0xff,
    0x80, 0x0, 0x0, 0xf, 0xfc, 0x0, 0x0, 0x0,
    0x3f, 0xf0, 0x0, 0x0, 0x1, 0xff, 0x80, 0x0,
    0x0, 0xf, 0xfc, 0x0, 0x0, 0x0, 0x7f, 0xf0,
    0x0, 0x0, 0x3, 0xff, 0x80, 0x0, 0x0, 0x1f,
    0xfc, 0x0, 0x0, 0x0, 0xff, 0xe0, 0x0, 0x0,
    0x7, 0xff, 0x0, 0x0, 0x0, 0x3f, 0xf8, 0x0,
    0x0, 0x3, 0xff, 0xc0, 0x0, 0x0, 0x1f, 0xfe,
    0x0, 0x0, 0x0, 0xff, 0xf0, 0x0, 0x0, 0x7,
    0xff, 0x80, 0x0, 0x0, 0x3f, 0xfc, 0x0, 0x0,
    0x1, 0xff, 0xe0, 0x0, 0x0, 0xf, 0xff, 0x0,
    0x0, 0x0, 0x7f, 0xf8, 0x0, 0x0, 0x3, 0xff,
    0xc0, 0x0, 0x0, 0x1f, 0xfe, 0x0, 0x0, 0x0,
    0xff, 0xf0, 0x0, 0x0, 0x7, 0xff, 0xff, 0xff,
    0xff, 0x3f, 0xff, 0xff, 0xff, 0xfc, 0xff, 0xff,
    0xff, 0xff, 0xf3, 0xff, 0xff, 0xff, 0xff, 0xcf,
    0xff, 0xff, 0xff, 0xff, 0x3f, 0xff, 0xff, 0xff,
    0xfc, 0xff, 0xff, 0xff, 0xff, 0xf0,

    /* U+0033 "3" */
    0x3f, 0xff, 0xff, 0xff, 0xe1, 0xff, 0xff, 0xff,
    0xff, 0xf, 0xff, 0xff, 0xff, 0xf8, 0x7f, 0xff,
    0xff, 0xff, 0xc3, 0xff, 0xff, 0xff, 0xfe, 0x1f,
    0xff, 0xff, 0xff, 0xf0, 0xff, 0xff, 0xff, 0xff,
    0x0, 0x0, 0x0, 0x1f, 0xf0, 0x0, 0x0, 0x1,
    0xff, 0x80, 0x0, 0x0, 0x1f, 0xf8, 0x0, 0x0,
    0x1, 0xff, 0x80, 0x0, 0x0, 0x1f, 0xf8, 0x0,
    0x0, 0x1, 0xff, 0x80, 0x0, 0x0, 0xf, 0xf8,
    0x0, 0x0, 0x0, 0xff, 0xc0, 0x0, 0x0, 0xf,
    0xfc, 0x0, 0x0, 0x0, 0xff, 0xc0, 0x0, 0x0,
    0xf, 0xfc, 0x0, 0x0, 0x0, 0x7f, 0xc0, 0x0,
    0x0, 0x7, 0xfc, 0x0, 0x0, 0x0, 0x7f, 0xfe,
    0x0, 0x0, 0x3, 0xff, 0xfe, 0x0, 0x0, 0x1f,
    0xff, 0xf8, 0x0, 0x0, 0xff, 0xff, 0xf0, 0x0,
    0x7, 0xff, 0xff, 0xc0, 0x0, 0x3f, 0xff, 0xfe,
    0x0, 0x1, 0xff, 0xff, 0xf8, 0x0, 0x0, 0x3,
    0xff, 0xe0, 0x0, 0x0, 0x7, 0xff, 0x0, 0x0,
    0x0, 0x1f, 0xf8, 0x0, 0x0, 0x0, 0x7f, 0xe0,
    0x0, 0x0, 0x1, 0xff, 0x0, 0x0, 0x0, 0xf,
    0xf8, 0x0, 0x0, 0x0, 0x7f, 0xc0, 0x0, 0x0,
    0x3, 0xfe, 0x0, 0x0, 0x0, 0x1f, 0xf0, 0x0,
    0x0, 0x0, 0xff, 0x8c, 0x0, 0x0, 0xf, 0xfc,
    0xf0, 0x0, 0x0, 0xff, 0xc7, 0xe0, 0x0, 0xf,
    0xfe, 0x7f, 0xe0, 0x1, 0xff, 0xf3, 0xff, 0xff,
    0xff, 0xff, 0x3f, 0xff, 0xff, 0xff, 0xf1, 0xff,
    0xff, 0xff, 0xff, 0x87, 0xff, 0xff, 0xff, 0xf8,
    0x1f, 0xff, 0xff, 0xff, 0x0, 0x3f, 0xff, 0xff,
    0xf0, 0x0, 0x7f, 0xff, 0xfe, 0x0, 0x0, 0x3f,
    0xff, 0x80, 0x0, 0x0, 0x3, 0x0, 0x0, 0x0,

    /* U+0034 "4" */
    0x0, 0x0, 0x0, 0xff, 0xc0, 0x0, 0x0, 0x0,
    0x1f, 0xf8, 0x0, 0x0, 0x0, 0x3, 0xff, 0x0,
    0x0, 0x0, 0x0, 0x3f, 0xe0, 0x0, 0x0, 0x0,
    0x7, 0xfe, 0x0, 0x0, 0x0, 0x0, 0xff, 0xc0,
    0x0, 0x0, 0x0, 0x1f, 0xf8, 0x0, 0x0, 0x0,
    0x3, 0xff, 0x0, 0x0, 0x0, 0x0, 0x3f, 0xf0,
    0x0, 0x0, 0x0, 0x7, 0xfe, 0x0, 0x0, 0x0,
    0x0, 0xff, 0xc0, 0x0, 0x0, 0x0, 0x1f, 0xf8,
    0x0, 0x0, 0x0, 0x1, 0xff, 0x80, 0x0, 0x0,
    0x0, 0x3f, 0xf0, 0x0, 0x0, 0x0, 0x7, 0xfe,
    0x0, 0x0, 0x0, 0x0, 0xff, 0xc0, 0x0, 0x0,
    0x0, 0xf, 0xfc, 0x0, 0x0, 0x0, 0x1, 0xff,
    0x80, 0x0, 0x0, 0x0, 0x3f, 0xf0, 0x0, 0x0,
    0x0, 0x7, 0xfe, 0x0, 0x0, 0x0, 0x0, 0xff,
    0xc0, 0x1f, 0xf0, 0x0, 0xf, 0xfc, 0x1, 0xff,
    0x0, 0x1, 0xff, 0x80, 0x1f, 0xf0, 0x0, 0x3f,
    0xf0, 0x1, 0xff, 0x0, 0x7, 0xfe, 0x0, 0x1f,
    0xf0, 0x0, 0x7f, 0xe0, 0x1, 0xff, 0x0, 0xf,
    0xfc, 0x0, 0x1f, 0xf0, 0x1, 0xff, 0x80, 0x1,
    0xff, 0x0, 0x3f, 0xf0, 0x0, 0x1f, 0xf0, 0x7,
    0xff, 0x0, 0x1, 0xff, 0x0, 0x7f, 0xff, 0xff,
    0xff, 0xff, 0xff, 0xff, 0xff, 0xff, 0xff, 0xff,
    0xff, 0xff, 0xff, 0xff, 0xff, 0xff, 0xff, 0xff,
    0xff, 0xff, 0xff, 0xff, 0xff, 0xff, 0xff, 0xff,
    0xff, 0xff, 0xff, 0xff, 0xff, 0xff, 0xff, 0xff,
    0xff, 0xff, 0xff, 0xff, 0xff, 0xff, 0xff, 0xff,
    0xff, 0x0, 0x0, 0x0, 0x1f, 0xf0, 0x0, 0x0,
    0x0, 0x1, 0xff, 0x0, 0x0, 0x0, 0x0, 0x1f,
    0xf0, 0x0, 0x0, 0x0, 0x1, 0xff, 0x0, 0x0,
    0x0, 0x0, 0x1f, 0xf0, 0x0, 0x0, 0x0, 0x1,
    0xff, 0x0, 0x0, 0x0, 0x0, 0x1f, 0xf0, 0x0,
    0x0, 0x0, 0x1, 0xff, 0x0, 0x0, 0x0, 0x0,
    0x1f, 0xf0, 0x0, 0x0, 0x0, 0x1, 0xff, 0x0,
    0x0, 0x0, 0x0, 0x1f, 0xf0, 0x0,

    /* U+0035 "5" */
    0x3, 0xff, 0xff, 0xff, 0xe0, 0xf, 0xff, 0xff,
    0xff, 0x80, 0x3f, 0xff, 0xff, 0xfe, 0x0, 0xff,
    0xff, 0xff, 0xf8, 0x3, 0xff, 0xff, 0xff, 0xe0,
    0xf, 0xff, 0xff, 0xff, 0x80, 0x3f, 0xff, 0xff,
    0xfe, 0x0, 0xff, 0x0, 0x0, 0x0, 0x3, 0xfc,
    0x0, 0x0, 0x0, 0xf, 0xf0, 0x0, 0x0, 0x0,
    0x7f, 0xc0, 0x0, 0x0, 0x1, 0xff, 0x0, 0x0,
    0x0, 0x7, 0xfc, 0x0, 0x0, 0x0, 0x1f, 0xf0,
    0x0, 0x0, 0x0, 0x7f, 0xc0, 0x0, 0x0, 0x1,
    0xfe, 0x0, 0x0, 0x0, 0x7, 0xf8, 0x0, 0x0,
    0x0, 0x1f, 0xe0, 0x0, 0x0, 0x0, 0x7f, 0x80,
    0x0, 0x0, 0x1, 0xff, 0xff, 0xc0, 0x0, 0x7,
    0xff, 0xff, 0xf0, 0x0, 0x3f, 0xff, 0xff, 0xf8,
    0x0, 0xff, 0xff, 0xff, 0xf0, 0x3, 0xff, 0xff,
    0xff, 0xf0, 0xf, 0xff, 0xff, 0xff, 0xe0, 0x3f,
    0xff, 0xff, 0xff, 0x80, 0x0, 0x0, 0x3f, 0xff,
    0x0, 0x0, 0x0, 0x1f, 0xfe, 0x0, 0x0, 0x0,
    0x1f, 0xf8, 0x0, 0x0, 0x0, 0x3f, 0xe0, 0x0,
    0x0, 0x0, 0xff, 0xc0, 0x0, 0x0, 0x1, 0xff,
    0x0, 0x0, 0x0, 0x7, 0xfc, 0x0, 0x0, 0x0,
    0x1f, 0xf0, 0x0, 0x0, 0x0, 0x7f, 0xc0, 0x0,
    0x0, 0x1, 0xff, 0x0, 0x0, 0x0, 0x7, 0xfc,
    0x20, 0x0, 0x0, 0x3f, 0xf1, 0xe0, 0x0, 0x1,
    0xff, 0x87, 0xe0, 0x0, 0xf, 0xfe, 0x3f, 0xf0,
    0x0, 0xff, 0xf8, 0xff, 0xff, 0xff, 0xff, 0xc7,
    0xff, 0xff, 0xff, 0xfe, 0x3f, 0xff, 0xff, 0xff,
    0xf8, 0x7f, 0xff, 0xff, 0xff, 0xc0, 0x7f, 0xff,
    0xff, 0xfc, 0x0, 0x7f, 0xff, 0xff, 0xe0, 0x0,
    0x7f, 0xff, 0xfe, 0x0, 0x0, 0x3f, 0xff, 0xc0,
    0x0, 0x0, 0x1, 0x80, 0x0, 0x0,

    /* U+0036 "6" */
    0x0, 0x0, 0x0, 0x0, 0x0, 0x0, 0x1, 0xff,
    0xfe, 0x0, 0x0, 0x1f, 0xff, 0xff, 0x80, 0x0,
    0xff, 0xff, 0xff, 0xc0, 0x3, 0xff, 0xff, 0xff,
    0x0, 0x1f, 0xff, 0xff, 0xfe, 0x0, 0x7f, 0xff,
    0xff, 0xf8, 0x1, 0xff, 0xff, 0xff, 0xf0, 0x7,
    0xff, 0xc0, 0x3, 0xc0, 0xf, 0xfe, 0x0, 0x0,
    0x0, 0x3f, 0xf0, 0x0, 0x0, 0x0, 0xff, 0xc0,
    0x0, 0x0, 0x1, 0xff, 0x0, 0x0, 0x0, 0x7,
    0xfe, 0x0, 0x0, 0x0, 0xf, 0xf8, 0x0, 0x0,
    0x0, 0x1f, 0xf0, 0x0, 0x0, 0x0, 0x7f, 0xc0,
    0x0, 0x0, 0x0, 0xff, 0x80, 0x0, 0x0, 0x1,
    0xff, 0x0, 0x0, 0x0, 0x3, 0xfc, 0x3, 0xff,
    0x0, 0xf, 0xf8, 0x3f, 0xff, 0xc0, 0x1f, 0xf1,
    0xff, 0xff, 0xe0, 0x3f, 0xe7, 0xff, 0xff, 0xe0,
    0x7f, 0xff, 0xff, 0xff, 0xf0, 0xff, 0xff, 0xff,
    0xff, 0xf1, 0xff, 0xff, 0xff, 0xff, 0xe3, 0xff,
    0xfe, 0x3, 0xff, 0xe7, 0xff, 0xe0, 0x1, 0xff,
    0xcf, 0xff, 0x80, 0x1, 0xff, 0xdf, 0xfe, 0x0,
    0x1, 0xff, 0xbf, 0xf8, 0x0, 0x1, 0xff, 0xff,
    0xf0, 0x0, 0x3, 0xff, 0xff, 0xe0, 0x0, 0x3,
    0xfe, 0xff, 0x80, 0x0, 0x7, 0xfd, 0xff, 0x0,
    0x0, 0xf, 0xfb, 0xfe, 0x0, 0x0, 0x1f, 0xf7,
    0xfe, 0x0, 0x0, 0x3f, 0xe7, 0xfc, 0x0, 0x0,
    0x7f, 0xcf, 0xf8, 0x0, 0x1, 0xff, 0x9f, 0xf8,
    0x0, 0x3, 0xfe, 0x1f, 0xf8, 0x0, 0xf, 0xfc,
    0x3f, 0xf8, 0x0, 0x3f, 0xf0, 0x3f, 0xf8, 0x1,
    0xff, 0xe0, 0x3f, 0xff, 0xff, 0xff, 0x80, 0x3f,
    0xff, 0xff, 0xfe, 0x0, 0x3f, 0xff, 0xff, 0xf8,
    0x0, 0x3f, 0xff, 0xff, 0xe0, 0x0, 0x3f, 0xff,
    0xff, 0x80, 0x0, 0x1f, 0xff, 0xfc, 0x0, 0x0,
    0x7, 0xff, 0xe0, 0x0, 0x0, 0x0, 0x30, 0x0,
    0x0,

    /* U+0037 "7" */
    0xff, 0xff, 0xff, 0xff, 0xff, 0xff, 0xff, 0xff,
    0xff, 0xff, 0xff, 0xff, 0xff, 0xff, 0xff, 0xff,
    0xff, 0xff, 0xff, 0xff, 0xff, 0xff, 0xff, 0xff,
    0xff, 0xff, 0xff, 0xff, 0xff, 0xff, 0xff, 0xff,
    0xff, 0xff, 0xff, 0xff, 0xff, 0xff, 0xff, 0x80,
    0x0, 0xf, 0xfb, 0xfe, 0x0, 0x0, 0x7f, 0xef,
    0xf8, 0x0, 0x1, 0xff, 0x3f, 0xe0, 0x0, 0xf,
    0xfc, 0xff, 0x80, 0x0, 0x3f, 0xe3, 0xfe, 0x0,
    0x1, 0xff, 0x8f, 0xf8, 0x0, 0x7, 0xfc, 0x3f,
    0xe0, 0x0, 0x1f, 0xf0, 0x0, 0x0, 0x0, 0xff,
    0xc0, 0x0, 0x0, 0x3, 0xfe, 0x0, 0x0, 0x0,
    0x1f, 0xf8, 0x0, 0x0, 0x0, 0x7f, 0xc0, 0x0,
    0x0, 0x3, 0xff, 0x0, 0x0, 0x0, 0xf, 0xf8,
    0x0, 0x0, 0x0, 0x7f, 0xe0, 0x0, 0x0, 0x1,
    0xff, 0x80, 0x0, 0x0, 0x7, 0xfc, 0x0, 0x0,
    0x0, 0x3f, 0xf0, 0x0, 0x0, 0x0, 0xff, 0x80,
    0x0, 0x0, 0x7, 0xfe, 0x0, 0x0, 0x0, 0x1f,
    0xf0, 0x0, 0x0, 0x0, 0xff, 0xc0, 0x0, 0x0,
    0x3, 0xfe, 0x0, 0x0, 0x0, 0xf, 0xf8, 0x0,
    0x0, 0x0, 0x7f, 0xe0, 0x0, 0x0, 0x1, 0xff,
    0x0, 0x0, 0x0, 0xf, 0xfc, 0x0, 0x0, 0x0,
    0x3f, 0xe0, 0x0, 0x0, 0x1, 0xff, 0x80, 0x0,
    0x0, 0x7, 0xfc, 0x0, 0x0, 0x0, 0x3f, 0xf0,
    0x0, 0x0, 0x0, 0xff, 0xc0, 0x0, 0x0, 0x3,
    0xfe, 0x0, 0x0, 0x0, 0x1f, 0xf8, 0x0, 0x0,
    0x0, 0x7f, 0xc0, 0x0, 0x0, 0x3, 0xff, 0x0,
    0x0, 0x0, 0xf, 0xf8, 0x0, 0x0, 0x0, 0x7f,
    0xe0, 0x0, 0x0, 0x1, 0xff, 0x0, 0x0, 0x0,
    0xf, 0xfc, 0x0, 0x0, 0x0, 0x3f, 0xf0, 0x0,
    0x0,

    /* U+0038 "8" */
    0x0, 0x0, 0x0, 0x0, 0x0, 0x0, 0xf, 0xff,
    0xe0, 0x0, 0x0, 0x3f, 0xff, 0xfc, 0x0, 0x0,
    0xff, 0xff, 0xff, 0x0, 0x1, 0xff, 0xff, 0xff,
    0x80, 0x7, 0xff, 0xff, 0xff, 0xe0, 0x7, 0xff,
    0xff, 0xff, 0xe0, 0xf, 0xff, 0xff, 0xff, 0xf0,
    0x1f, 0xfe, 0x0, 0x7f, 0xf8, 0x1f, 0xf8, 0x0,
    0x1f, 0xf8, 0x3f, 0xf0, 0x0, 0xf, 0xfc, 0x3f,
    0xf0, 0x0, 0xf, 0xfc, 0x3f, 0xe0, 0x0, 0x7,
    0xfc, 0x3f, 0xe0, 0x0, 0x7, 0xfc, 0x3f, 0xe0,
    0x0, 0x7, 0xfc, 0x3f, 0xe0, 0x0, 0x7, 0xfc,
    0x3f, 0xe0, 0x0, 0x7, 0xfc, 0x3f, 0xf0, 0x0,
    0xf, 0xfc, 0x1f, 0xf8, 0x0, 0x1f, 0xf8, 0x1f,
    0xfc, 0x0, 0x3f, 0xf8, 0xf, 0xff, 0x0, 0xff,
    0xf0, 0xf, 0xff, 0xff, 0xff, 0xe0, 0x7, 0xff,
    0xff, 0xff, 0xc0, 0x1, 0xff, 0xff, 0xff, 0x80,
    0x1, 0xff, 0xff, 0xff, 0x80, 0x7, 0xff, 0xff,
    0xff, 0xc0, 0xf, 0xff, 0xff, 0xff, 0xf0, 0x1f,
    0xff, 0xff, 0xff, 0xf8, 0x3f, 0xfe, 0x0, 0xff,
    0xfc, 0x3f, 0xf8, 0x0, 0x1f, 0xfc, 0x7f, 0xe0,
    0x0, 0x7, 0xfe, 0x7f, 0xc0, 0x0, 0x3, 0xfe,
    0xff, 0xc0, 0x0, 0x3, 0xff, 0xff, 0x80, 0x0,
    0x1, 0xff, 0xff, 0x80, 0x0, 0x1, 0xff, 0xff,
    0x80, 0x0, 0x1, 0xff, 0xff, 0x80, 0x0, 0x1,
    0xff, 0xff, 0x80, 0x0, 0x1, 0xff, 0xff, 0x80,
    0x0, 0x3, 0xff, 0xff, 0xc0, 0x0, 0x3, 0xff,
    0x7f, 0xe0, 0x0, 0x7, 0xfe, 0x7f, 0xf0, 0x0,
    0xf, 0xfe, 0x3f, 0xfc, 0x0, 0x3f, 0xfc, 0x3f,
    0xff, 0xff, 0xff, 0xfc, 0x1f, 0xff, 0xff, 0xff,
    0xf8, 0xf, 0xff, 0xff, 0xff, 0xf0, 0x7, 0xff,
    0xff, 0xff, 0xe0, 0x1, 0xff, 0xff, 0xff, 0x80,
    0x0, 0x7f, 0xff, 0xfe, 0x0, 0x0, 0xf, 0xff,
    0xf0, 0x0, 0x0, 0x0, 0x38, 0x0, 0x0,

    /* U+0039 "9" */
    0x0, 0x0, 0x0, 0x0, 0x0, 0x0, 0x3f, 0xff,
    0x0, 0x0, 0x1, 0xff, 0xff, 0xc0, 0x0, 0xf,
    0xff, 0xff, 0xe0, 0x0, 0x7f, 0xff, 0xff, 0xe0,
    0x1, 0xff, 0xff, 0xff, 0xe0, 0x7, 0xff, 0xff,
    0xff, 0xe0, 0xf, 0xff, 0xff, 0xff, 0xe0, 0x3f,
    0xfc, 0x0, 0xff, 0xe0, 0xff, 0xe0, 0x0, 0xff,
    0xc1, 0xff, 0x80, 0x0, 0x7f, 0xc3, 0xfe, 0x0,
    0x0, 0xff, 0xcf, 0xfc, 0x0, 0x0, 0xff, 0x9f,
    0xf0, 0x0, 0x1, 0xff, 0x3f, 0xe0, 0x0, 0x1,
    0xff, 0x7f, 0xc0, 0x0, 0x3, 0xfe, 0xff, 0x80,
    0x0, 0x7, 0xfd, 0xff, 0x0, 0x0, 0x1f, 0xfb,
    0xfe, 0x0, 0x0, 0x3f, 0xff, 0xfe, 0x0, 0x0,
    0x7f, 0xf7, 0xfc, 0x0, 0x1, 0xff, 0xef, 0xfc,
    0x0, 0x7, 0xff, 0xdf, 0xfe, 0x0, 0x1f, 0xff,
    0x9f, 0xff, 0x1, 0xff, 0xff, 0x1f, 0xff, 0xff,
    0xff, 0xfe, 0x3f, 0xff, 0xff, 0xff, 0xfc, 0x3f,
    0xff, 0xff, 0xff, 0xf8, 0x3f, 0xff, 0xff, 0x9f,
    0xf0, 0x1f, 0xff, 0xfe, 0x3f, 0xe0, 0xf, 0xff,
    0xf0, 0x7f, 0xc0, 0x3, 0xff, 0x0, 0xff, 0x80,
    0x0, 0x0, 0x3, 0xfe, 0x0, 0x0, 0x0, 0x7,
    0xfc, 0x0, 0x0, 0x0, 0xf, 0xf8, 0x0, 0x0,
    0x0, 0x1f, 0xf0, 0x0, 0x0, 0x0, 0x7f, 0xc0,
    0x0, 0x0, 0x0, 0xff, 0x80, 0x0, 0x0, 0x3,
    0xff, 0x0, 0x0, 0x0, 0xf, 0xfc, 0x0, 0x0,
    0x0, 0x1f, 0xf8, 0x0, 0x0, 0x0, 0xff, 0xe0,
    0xc, 0x0, 0x3, 0xff, 0x80, 0x1e, 0x0, 0x1f,
    0xfe, 0x0, 0x7f, 0xff, 0xff, 0xfc, 0x0, 0xff,
    0xff, 0xff, 0xf0, 0x3, 0xff, 0xff, 0xff, 0xc0,
    0x7, 0xff, 0xff, 0xfe, 0x0, 0x1f, 0xff, 0xff,
    0xf8, 0x0, 0xf, 0xff, 0xff, 0xc0, 0x0, 0x3,
    0xff, 0xfc, 0x0, 0x0, 0x0, 0xc, 0x0, 0x0,
    0x0,

    /* U+003A ":" */
    0x1f, 0x7, 0xf1, 0xff, 0x7f, 0xff, 0xff, 0xff,
    0xff, 0xff, 0xff, 0x7f, 0xc7, 0xf0, 0x7c, 0x0,
    0x0, 0x0, 0x0, 0x0, 0x0, 0x0, 0x0, 0x0,
    0x0, 0x0, 0x0, 0x0, 0x0, 0x0, 0x0, 0x0,
    0x0, 0x0, 0x0, 0x0, 0x0, 0x2, 0x3, 0xf8,
    0xff, 0xbf, 0xf7, 0xff, 0xff, 0xff, 0xff, 0xff,
    0xbf, 0xe7, 0xfc, 0x7f, 0x1, 0x0,

    /* U+003B ";" */
    0x1f, 0x7, 0xf1, 0xff, 0x7f, 0xff, 0xff, 0xff,
    0xff, 0xff, 0xff, 0x7f, 0xc7, 0xf0, 0x7c, 0x0,
    0x0, 0x0, 0x0, 0x0, 0x0, 0x0, 0x0, 0x0,
    0x0, 0x0, 0x0, 0x0, 0x0, 0x0, 0x0, 0x0,
    0x0, 0x0, 0x0, 0x0, 0x7c, 0x1f, 0xc7, 0xfd,
    0xff, 0xff, 0xff, 0xff, 0xff, 0xff, 0xfd, 0xff,
    0xbf, 0xe3, 0xfc, 0x3f, 0x87, 0xe0, 0xfc, 0x3f,
    0x87, 0xe0, 0xfc, 0x1f, 0x87, 0xe0, 0xfc, 0x1f,
    0x83, 0xe0,

    /* U+003C "<" */
    0x0, 0x0, 0x0, 0x1, 0x80, 0x0, 0x0, 0x3,
    0xc0, 0x0, 0x0, 0xf, 0xe0, 0x0, 0x0, 0x3f,
    0xf0, 0x0, 0x0, 0x7f, 0xf8, 0x0, 0x1, 0xff,
    0xfc, 0x0, 0x3, 0xff, 0xfe, 0x0, 0xf, 0xff,
    0xfe, 0x0, 0x3f, 0xff, 0xf8, 0x0, 0x7f, 0xff,
    0xf0, 0x1, 0xff, 0xff, 0xc0, 0x3, 0xff, 0xff,
    0x0, 0xf, 0xff, 0xfe, 0x0, 0x7, 0xff, 0xf8,
    0x0, 0x3, 0xff, 0xe0, 0x0, 0x1, 0xff, 0xc0,
    0x0, 0x0, 0xff, 0x80, 0x0, 0x0, 0x7f, 0xf0,
    0x0, 0x0, 0x3f, 0xff, 0x0, 0x0, 0x1f, 0xff,
    0xf0, 0x0, 0x7, 0xff, 0xfe, 0x0, 0x0, 0xff,
    0xff, 0xe0, 0x0, 0xf, 0xff, 0xfe, 0x0, 0x0,
    0xff, 0xff, 0xc0, 0x0, 0x1f, 0xff, 0xfc, 0x0,
    0x1, 0xff, 0xff, 0xc0, 0x0, 0x3f, 0xff, 0xe0,
    0x0, 0x3, 0xff, 0xf0, 0x0, 0x0, 0x7f, 0xf8,
    0x0, 0x0, 0x7, 0xfc, 0x0, 0x0, 0x0, 0x7e,
    0x0, 0x0, 0x0, 0xf, 0x0, 0x0, 0x0, 0x0,
    0x80,

    /* U+003D "=" */
    0xff, 0xff, 0xff, 0xff, 0xff, 0xff, 0xff, 0xff,
    0xff, 0xff, 0xff, 0xff, 0xff, 0xff, 0xff, 0xff,
    0xff, 0xff, 0xff, 0xff, 0xff, 0xff, 0xff, 0xff,
    0xff, 0xff, 0xff, 0xff, 0x0, 0x0, 0x0, 0x0,
    0x0, 0x0, 0x0, 0x0, 0x0, 0x0, 0x0, 0x0,
    0x0, 0x0, 0x0, 0x0, 0x0, 0x0, 0x0, 0x0,
    0x0, 0x0, 0x0, 0x0, 0x0, 0x0, 0x0, 0x0,
    0x0, 0x0, 0x0, 0x0, 0x0, 0x0, 0x0, 0x0,
    0x0, 0x0, 0x0, 0x0, 0xff, 0xff, 0xff, 0xff,
    0xff, 0xff, 0xff, 0xff, 0xff, 0xff, 0xff, 0xff,
    0xff, 0xff, 0xff, 0xff, 0xff, 0xff, 0xff, 0xff,
    0xff, 0xff, 0xff, 0xff, 0xff, 0xff, 0xff, 0xff,

    /* U+003E ">" */
    0x80, 0x0, 0x0, 0x0, 0x78, 0x0, 0x0, 0x0,
    0x3f, 0x80, 0x0, 0x0, 0x1f, 0xf0, 0x0, 0x0,
    0xf, 0xff, 0x0, 0x0, 0x7, 0xff, 0xe0, 0x0,
    0x3, 0xff, 0xfe, 0x0, 0x0, 0xff, 0xff, 0xc0,
    0x0, 0x1f, 0xff, 0xfc, 0x0, 0x1, 0xff, 0xff,
    0xc0, 0x0, 0x1f, 0xff, 0xf8, 0x0, 0x3, 0xff,
    0xff, 0x80, 0x0, 0x3f, 0xff, 0xf0, 0x0, 0x3,
    0xff, 0xfc, 0x0, 0x0, 0x7f, 0xfe, 0x0, 0x0,
    0x7, 0xff, 0x0, 0x0, 0x0, 0xff, 0x80, 0x0,
    0x3, 0xff, 0xc0, 0x0, 0x7, 0xff, 0xe0, 0x0,
    0x1f, 0xff, 0xf0, 0x0, 0x7f, 0xff, 0xf0, 0x0,
    0xff, 0xff, 0xc0, 0x3, 0xff, 0xff, 0x80, 0xf,
    0xff, 0xfe, 0x0, 0x1f, 0xff, 0xf8, 0x0, 0x7f,
    0xff, 0xf0, 0x0, 0x3f, 0xff, 0xc0, 0x0, 0x1f,
    0xff, 0x80, 0x0, 0xf, 0xfe, 0x0, 0x0, 0x7,
    0xf8, 0x0, 0x0, 0x3, 0xf0, 0x0, 0x0, 0x1,
    0xc0, 0x0, 0x0, 0x0, 0x80, 0x0, 0x0, 0x0,
    0x0,

    /* U+003F "?" */
    0x0, 0x0, 0x0, 0x0, 0x0, 0x1, 0xff, 0xfc,
    0x0, 0x0, 0xff, 0xff, 0xf8, 0x0, 0x3f, 0xff,
    0xff, 0xe0, 0xf, 0xff, 0xff, 0xff, 0x1, 0xff,
    0xff, 0xff, 0xf8, 0x3f, 0xff, 0xff, 0xff, 0xc7,
    0xff, 0xff, 0xff, 0xfe, 0xff, 0xf0, 0x1, 0xff,
    0xe7, 0xfc, 0x0, 0x7, 0xfe, 0x1f, 0x80, 0x0,
    0x3f, 0xf0, 0xf0, 0x0, 0x3, 0xff, 0x2, 0x0,
    0x0, 0x1f, 0xf0, 0x0, 0x0, 0x1, 0xff, 0x0,
    0x0, 0x0, 0x1f, 0xf0, 0x0, 0x0, 0x1, 0xff,
    0x0, 0x0, 0x0, 0x1f, 0xf0, 0x0, 0x0, 0x3,
    0xfe, 0x0, 0x0, 0x0, 0x7f, 0xe0, 0x0, 0x0,
    0xf, 0xfc, 0x0, 0x0, 0x1, 0xff, 0xc0, 0x0,
    0x0, 0x3f, 0xf8, 0x0, 0x0, 0x7, 0xff, 0x0,
    0x0, 0x0, 0xff, 0xe0, 0x0, 0x0, 0x1f, 0xfc,
    0x0, 0x0, 0x3, 0xff, 0x80, 0x0, 0x0, 0x7f,
    0xf0, 0x0, 0x0, 0x7, 0xfe, 0x0, 0x0, 0x0,
    0xff, 0xc0, 0x0, 0x0, 0xf, 0xf8, 0x0, 0x0,
    0x1, 0xff, 0x80, 0x0, 0x0, 0x1f, 0xf0, 0x0,
    0x0, 0x1, 0xff, 0x0, 0x0, 0x0, 0x1f, 0xf0,
    0x0, 0x0, 0x0, 0x0, 0x0, 0x0, 0x0, 0x0,
    0x0, 0x0, 0x0, 0x0, 0x0, 0x0, 0x0, 0x0,
    0x0, 0x0, 0x0, 0x0, 0x0, 0x0, 0x0, 0x0,
    0x0, 0x0, 0x0, 0x0, 0x0, 0x0, 0xfe, 0x0,
    0x0, 0x0, 0x1f, 0xf0, 0x0, 0x0, 0x1, 0xff,
    0x0, 0x0, 0x0, 0x3f, 0xf8, 0x0, 0x0, 0x3,
    0xff, 0x80, 0x0, 0x0, 0x3f, 0xf8, 0x0, 0x0,
    0x3, 0xff, 0x80, 0x0, 0x0, 0x1f, 0xf0, 0x0,
    0x0, 0x1, 0xff, 0x0, 0x0, 0x0, 0xf, 0xe0,
    0x0, 0x0, 0x0, 0x10, 0x0, 0x0,

    /* U+0040 "@" */
    0x0, 0x0, 0x0, 0x0, 0x40, 0x0, 0x0, 0x0,
    0x0, 0x0, 0x0, 0x3f, 0xff, 0xf0, 0x0, 0x0,
    0x0, 0x0, 0x0, 0x7f, 0xff, 0xff, 0xc0, 0x0,
    0x0, 0x0, 0x0, 0xff, 0xff, 0xff, 0xfc, 0x0,
    0x0, 0x0, 0x0, 0xff, 0xff, 0xff, 0xff, 0xc0,
    0x0, 0x0, 0x0, 0xff, 0xff, 0xff, 0xff, 0xfc,
    0x0, 0x0, 0x0, 0x7f, 0xff, 0xff, 0xff, 0xff,
    0xc0, 0x0, 0x0, 0x3f, 0xfe, 0x0, 0x1, 0xff,
    0xf8, 0x0, 0x0, 0x3f, 0xfc, 0x0, 0x0, 0x7,
    0xff, 0x0, 0x0, 0x1f, 0xfc, 0x0, 0x0, 0x0,
    0x7f, 0xe0, 0x0, 0xf, 0xfc, 0x0, 0x0, 0x0,
    0x7, 0xfc, 0x0, 0x7, 0xfc, 0x0, 0x0, 0x0,
    0x0, 0xff, 0x80, 0x1, 0xfe, 0x0, 0x0, 0x0,
    0x0, 0xf, 0xf0, 0x0, 0xff, 0x0, 0x0, 0x0,
    0x0, 0x1, 0xfe, 0x0, 0x7f, 0x80, 0x0, 0x0,
    0x0, 0x0, 0x3f, 0x80, 0x3f, 0xc0, 0x0, 0x7f,
    0xc0, 0x7f, 0x87, 0xf0, 0xf, 0xe0, 0x0, 0x7f,
    0xfe, 0x1f, 0xe1, 0xfe, 0x7, 0xf0, 0x0, 0x7f,
    0xff, 0xc7, 0xf8, 0x3f, 0x81, 0xfc, 0x0, 0x7f,
    0xff, 0xf9, 0xfe, 0x7, 0xe0, 0xfe, 0x0, 0x3f,
    0xff, 0xff, 0x7f, 0x81, 0xfc, 0x3f, 0x80, 0x1f,
    0xff, 0xff, 0xff, 0xe0, 0x3f, 0xf, 0xc0, 0xf,
    0xff, 0xff, 0xff, 0xf8, 0xf, 0xe7, 0xf0, 0x3,
    0xff, 0xc0, 0xff, 0xfe, 0x1, 0xf9, 0xf8, 0x1,
    0xff, 0x80, 0xf, 0xff, 0x80, 0x7e, 0x7e, 0x0,
    0x7f, 0xc0, 0x0, 0xff, 0xe0, 0x1f, 0x9f, 0x80,
    0x3f, 0xe0, 0x0, 0x1f, 0xf8, 0x7, 0xff, 0xe0,
    0xf, 0xf8, 0x0, 0x7, 0xfe, 0x0, 0xff, 0xf0,
    0x3, 0xfc, 0x0, 0x0, 0xff, 0x80, 0x3f, 0xfc,
    0x1, 0xff, 0x0, 0x0, 0x3f, 0xe0, 0xf, 0xff,
    0x0, 0x7f, 0x80, 0x0, 0x7, 0xf8, 0x3, 0xff,
    0xc0, 0x1f, 0xe0, 0x0, 0x1, 0xfe, 0x0, 0xff,
    0xf0, 0x7, 0xf8, 0x0, 0x0, 0x7f, 0x80, 0x3f,
    0xfc, 0x1, 0xfe, 0x0, 0x0, 0x1f, 0xe0, 0xf,
    0xff, 0x0, 0x7f, 0x80, 0x0, 0x7, 0xf8, 0x3,
    0xff, 0xc0, 0x1f, 0xe0, 0x0, 0x1, 0xfe, 0x0,
    0xff, 0xf0, 0x7, 0xf8, 0x0, 0x0, 0x7f, 0x80,
    0x3f, 0xfc, 0x1, 0xfe, 0x0, 0x0, 0x3f, 0xe0,
    0xf, 0xff, 0x0, 0x3f, 0xc0, 0x0, 0xf, 0xf8,
    0x7, 0xef, 0xe0, 0xf, 0xf0, 0x0, 0x3, 0xfe,
    0x1, 0xf9, 0xf8, 0x3, 0xfe, 0x0, 0x1, 0xff,
    0x80, 0x7e, 0x7e, 0x0, 0xff, 0xc0, 0x0, 0xff,
    0xe0, 0x3f, 0x9f, 0x80, 0x1f, 0xf8, 0x0, 0x7f,
    0xf8, 0xf, 0xc7, 0xf0, 0x7, 0xff, 0x0, 0x3f,
    0xff, 0x7, 0xf0, 0xfc, 0x0, 0xff, 0xff, 0xff,
    0xff, 0xff, 0xfc, 0x3f, 0x80, 0x1f, 0xff, 0xff,
    0xff, 0xff, 0xfe, 0xf, 0xe0, 0x3, 0xff, 0xff,
    0xfb, 0xff, 0xff, 0x1, 0xfc, 0x0, 0x7f, 0xff,
    0xfc, 0x7f, 0xff, 0xc0, 0x7f, 0x0, 0xf, 0xff,
    0xfe, 0xf, 0xff, 0xe0, 0xf, 0xe0, 0x1, 0xff,
    0xfe, 0x1, 0xff, 0xe0, 0x3, 0xfc, 0x0, 0xf,
    0xfe, 0x0, 0x3f, 0xf0, 0x0, 0x7f, 0x80, 0x0,
    0x10, 0x0, 0x0, 0x80, 0x0, 0xf, 0xf0, 0x0,
    0x0, 0x0, 0x0, 0x0, 0x0, 0x1, 0xfe, 0x0,
    0x0, 0x0, 0x0, 0x0, 0x0, 0x0, 0x7f, 0xc0,
    0x0, 0x0, 0x0, 0x0, 0x0, 0x0, 0xf, 0xfc,
    0x0, 0x0, 0x0, 0x0, 0x0, 0x0, 0x1, 0xff,
    0x80, 0x0, 0x0, 0x0, 0x0, 0x0, 0x0, 0x3f,
    0xfc, 0x0, 0x0, 0xe, 0x0, 0x0, 0x0, 0x3,
    0xff, 0xe0, 0x0, 0x1f, 0xc0, 0x0, 0x0, 0x0,
    0x7f, 0xff, 0xff, 0xff, 0xf0, 0x0, 0x0, 0x0,
    0xf, 0xff, 0xff, 0xff, 0xfc, 0x0, 0x0, 0x0,
    0x0, 0xff, 0xff, 0xff, 0xff, 0x80, 0x0, 0x0,
    0x0, 0xf, 0xff, 0xff, 0xff, 0xc0, 0x0, 0x0,
    0x0, 0x0, 0x7f, 0xff, 0xff, 0xc0, 0x0, 0x0,
    0x0, 0x0, 0x3, 0xff, 0xff, 0x0, 0x0, 0x0,
    0x0, 0x0, 0x0, 0x0, 0xe0, 0x0, 0x0, 0x0,
    0x0,

    /* U+0041 "A" */
    0x0, 0x0, 0x7, 0xfe, 0x0, 0x0, 0x0, 0x0,
    0x0, 0x3f, 0xf0, 0x0, 0x0, 0x0, 0x0, 0x1,
    0xff, 0xc0, 0x0, 0x0, 0x0, 0x0, 0x1f, 0xfe,
    0x0, 0x0, 0x0, 0x0, 0x0, 0xff, 0xf8, 0x0,
    0x0, 0x0, 0x0, 0xf, 0xff, 0xc0, 0x0, 0x0,
    0x0, 0x0, 0x7f, 0xff, 0x0, 0x0, 0x0, 0x0,
    0x7, 0xff, 0xf8, 0x0, 0x0, 0x0, 0x0, 0x3f,
    0xff, 0xc0, 0x0, 0x0, 0x0, 0x3, 0xff, 0xff,
    0x0, 0x0, 0x0, 0x0, 0x1f, 0xf7, 0xf8, 0x0,
    0x0, 0x0, 0x0, 0xff, 0x3f, 0xe0, 0x0, 0x0,
    0x0, 0xf, 0xf9, 0xff, 0x0, 0x0, 0x0, 0x0,
    0x7f, 0x87, 0xfc, 0x0, 0x0, 0x0, 0x7, 0xfc,
    0x3f, 0xe0, 0x0, 0x0, 0x0, 0x3f, 0xc0, 0xff,
    0x80, 0x0, 0x0, 0x3, 0xfe, 0x7, 0xfc, 0x0,
    0x0, 0x0, 0x1f, 0xf0, 0x1f, 0xf0, 0x0, 0x0,
    0x1, 0xff, 0x0, 0xff, 0x80, 0x0, 0x0, 0xf,
    0xf8, 0x7, 0xfc, 0x0, 0x0, 0x0, 0xff, 0x80,
    0x1f, 0xf0, 0x0, 0x0, 0x7, 0xfc, 0x0, 0xff,
    0x80, 0x0, 0x0, 0x3f, 0xe0, 0x3, 0xfe, 0x0,
    0x0, 0x3, 0xfe, 0x0, 0x1f, 0xf0, 0x0, 0x0,
    0x1f, 0xf0, 0x0, 0x7f, 0xc0, 0x0, 0x1, 0xff,
    0x0, 0x3, 0xfe, 0x0, 0x0, 0xf, 0xf8, 0x0,
    0x1f, 0xf8, 0x0, 0x0, 0xff, 0x80, 0x0, 0x7f,
    0xc0, 0x0, 0x7, 0xfc, 0x0, 0x3, 0xff, 0x0,
    0x0, 0x7f, 0xe0, 0x0, 0xf, 0xf8, 0x0, 0x3,
    0xfe, 0x0, 0x0, 0x7f, 0xc0, 0x0, 0x1f, 0xff,
    0xff, 0xff, 0xff, 0x0, 0x1, 0xff, 0xff, 0xff,
    0xff, 0xf8, 0x0, 0xf, 0xff, 0xff, 0xff, 0xff,
    0xe0, 0x0, 0xff, 0xff, 0xff, 0xff, 0xff, 0x0,
    0x7, 0xff, 0xff, 0xff, 0xff, 0xfc, 0x0, 0x7f,
    0xff, 0xff, 0xff, 0xff, 0xe0, 0x3, 0xff, 0xff,
    0xff, 0xff, 0xff, 0x80, 0x3f, 0xf0, 0x0, 0x0,
    0x7, 0xfc, 0x1, 0xff, 0x0, 0x0, 0x0, 0x3f,
    0xe0, 0x1f, 0xf8, 0x0, 0x0, 0x1, 0xff, 0x80,
    0xff, 0x80, 0x0, 0x0, 0x7, 0xfc, 0x7, 0xfc,
    0x0, 0x0, 0x0, 0x3f, 0xf0, 0x7f, 0xc0, 0x0,
    0x0, 0x0, 0xff, 0x83, 0xfe, 0x0, 0x0, 0x0,
    0x7, 0xfe, 0x3f, 0xf0, 0x0, 0x0, 0x0, 0x1f,
    0xf1, 0xff, 0x0, 0x0, 0x0, 0x0, 0xff, 0xdf,
    0xf8, 0x0, 0x0, 0x0, 0x3, 0xfe, 0xff, 0x80,
    0x0, 0x0, 0x0, 0x1f, 0xf8,

    /* U+0042 "B" */
    0xff, 0xff, 0xff, 0xf8, 0x0, 0x1f, 0xff, 0xff,
    0xff, 0xf0, 0x3, 0xff, 0xff, 0xff, 0xff, 0x80,
    0x7f, 0xff, 0xff, 0xff, 0xf8, 0xf, 0xff, 0xff,
    0xff, 0xff, 0xc1, 0xff, 0xff, 0xff, 0xff, 0xfc,
    0x3f, 0xff, 0xff, 0xff, 0xff, 0x87, 0xfc, 0x0,
    0x1, 0xff, 0xf8, 0xff, 0x80, 0x0, 0x7, 0xff,
    0x1f, 0xf0, 0x0, 0x0, 0x7f, 0xf3, 0xfe, 0x0,
    0x0, 0x7, 0xfe, 0x7f, 0xc0, 0x0, 0x0, 0x7f,
    0xcf, 0xf8, 0x0, 0x0, 0xf, 0xf9, 0xff, 0x0,
    0x0, 0x1, 0xff, 0x3f, 0xe0, 0x0, 0x0, 0x3f,
    0xe7, 0xfc, 0x0, 0x0, 0x7, 0xfc, 0xff, 0x80,
    0x0, 0x0, 0xff, 0x9f, 0xf0, 0x0, 0x0, 0x3f,
    0xe3, 0xfe, 0x0, 0x0, 0xf, 0xfc, 0x7f, 0xc0,
    0x0, 0x3, 0xff, 0xf, 0xf8, 0x0, 0x3, 0xff,
    0xc1, 0xff, 0xff, 0xff, 0xff, 0xf8, 0x3f, 0xff,
    0xff, 0xff, 0xfe, 0x7, 0xff, 0xff, 0xff, 0xff,
    0x0, 0xff, 0xff, 0xff, 0xff, 0xf0, 0x1f, 0xff,
    0xff, 0xff, 0xff, 0x83, 0xff, 0xff, 0xff, 0xff,
    0xf8, 0x7f, 0xff, 0xff, 0xff, 0xff, 0x8f, 0xf8,
    0x0, 0x0, 0xff, 0xf9, 0xff, 0x0, 0x0, 0x3,
    0xff, 0x3f, 0xe0, 0x0, 0x0, 0x3f, 0xf7, 0xfc,
    0x0, 0x0, 0x3, 0xfe, 0xff, 0x80, 0x0, 0x0,
    0x3f, 0xff, 0xf0, 0x0, 0x0, 0x7, 0xff, 0xfe,
    0x0, 0x0, 0x0, 0xff, 0xff, 0xc0, 0x0, 0x0,
    0x1f, 0xff, 0xf8, 0x0, 0x0, 0x3, 0xff, 0xff,
    0x0, 0x0, 0x0, 0x7f, 0xff, 0xe0, 0x0, 0x0,
    0x1f, 0xff, 0xfc, 0x0, 0x0, 0x7, 0xff, 0xff,
    0x80, 0x0, 0x1, 0xff, 0xdf, 0xf0, 0x0, 0x1,
    0xff, 0xfb, 0xff, 0xff, 0xff, 0xff, 0xfe, 0x7f,
    0xff, 0xff, 0xff, 0xff, 0x8f, 0xff, 0xff, 0xff,
    0xff, 0xf1, 0xff, 0xff, 0xff, 0xff, 0xf8, 0x3f,
    0xff, 0xff, 0xff, 0xfe, 0x7, 0xff, 0xff, 0xff,
    0xfe, 0x0, 0xff, 0xff, 0xff, 0xfe, 0x0, 0x0,

    /* U+0043 "C" */
    0x0, 0x0, 0x0, 0x20, 0x0, 0x0, 0x0, 0x1,
    0xff, 0xfe, 0x0, 0x0, 0x0, 0x7f, 0xff, 0xfe,
    0x0, 0x0, 0xf, 0xff, 0xff, 0xfc, 0x0, 0x1,
    0xff, 0xff, 0xff, 0xf8, 0x0, 0x1f, 0xff, 0xff,
    0xff, 0xe0, 0x1, 0xff, 0xff, 0xff, 0xff, 0x80,
    0x1f, 0xff, 0xff, 0xff, 0xfe, 0x1, 0xff, 0xff,
    0xff, 0xff, 0xf8, 0x1f, 0xff, 0x80, 0x7, 0xff,
    0xc1, 0xff, 0xf0, 0x0, 0x7, 0xfc, 0x1f, 0xfe,
    0x0, 0x0, 0x1f, 0x81, 0xff, 0xe0, 0x0, 0x0,
    0x38, 0xf, 0xfe, 0x0, 0x0, 0x0, 0x80, 0xff,
    0xe0, 0x0, 0x0, 0x0, 0x7, 0xfe, 0x0, 0x0,
    0x0, 0x0, 0x3f, 0xe0, 0x0, 0x0, 0x0, 0x3,
    0xff, 0x0, 0x0, 0x0, 0x0, 0x1f, 0xf0, 0x0,
    0x0, 0x0, 0x0, 0xff, 0x80, 0x0, 0x0, 0x0,
    0xf, 0xfc, 0x0, 0x0, 0x0, 0x0, 0x7f, 0xc0,
    0x0, 0x0, 0x0, 0x3, 0xfe, 0x0, 0x0, 0x0,
    0x0, 0x1f, 0xf0, 0x0, 0x0, 0x0, 0x0, 0xff,
    0x80, 0x0, 0x0, 0x0, 0x7, 0xfc, 0x0, 0x0,
    0x0, 0x0, 0x3f, 0xe0, 0x0, 0x0, 0x0, 0x1,
    0xff, 0x0, 0x0, 0x0, 0x0, 0xf, 0xf8, 0x0,
    0x0, 0x0, 0x0, 0x7f, 0xc0, 0x0, 0x0, 0x0,
    0x3, 0xff, 0x0, 0x0, 0x0, 0x0, 0xf, 0xf8,
    0x0, 0x0, 0x0, 0x0, 0x7f, 0xc0, 0x0, 0x0,
    0x0, 0x3, 0xff, 0x0, 0x0, 0x0, 0x0, 0xf,
    0xf8, 0x0, 0x0, 0x0, 0x0, 0x7f, 0xe0, 0x0,
    0x0, 0x0, 0x3, 0xff, 0x80, 0x0, 0x0, 0x0,
    0xf, 0xfe, 0x0, 0x0, 0x0, 0x80, 0x7f, 0xf8,
    0x0, 0x0, 0xe, 0x1, 0xff, 0xe0, 0x0, 0x1,
    0xfc, 0x7, 0xff, 0xc0, 0x0, 0x1f, 0xf0, 0x1f,
    0xff, 0x80, 0x3, 0xff, 0xc0, 0xff, 0xff, 0xff,
    0xff, 0xfe, 0x3, 0xff, 0xff, 0xff, 0xff, 0xe0,
    0x7, 0xff, 0xff, 0xff, 0xfe, 0x0, 0x1f, 0xff,
    0xff, 0xff, 0xe0, 0x0, 0x7f, 0xff, 0xff, 0xfe,
    0x0, 0x0, 0xff, 0xff, 0xff, 0xc0, 0x0, 0x1,
    0xff, 0xff, 0xf8, 0x0, 0x0, 0x1, 0xff, 0xfe,
    0x0, 0x0, 0x0, 0x0, 0x18, 0x0, 0x0,

    /* U+0044 "D" */
    0xff, 0xff, 0xff, 0xe0, 0x0, 0x0, 0xff, 0xff,
    0xff, 0xfe, 0x0, 0x0, 0xff, 0xff, 0xff, 0xff,
    0xc0, 0x0, 0xff, 0xff, 0xff, 0xff, 0xf0, 0x0,
    0xff, 0xff, 0xff, 0xff, 0xfc, 0x0, 0xff, 0xff,
    0xff, 0xff, 0xfe, 0x0, 0xff, 0xff, 0xff, 0xff,
    0xff, 0x0, 0xff, 0xff, 0xff, 0xff, 0xff, 0x80,
    0xff, 0x80, 0x0, 0x3f, 0xff, 0xc0, 0xff, 0x80,
    0x0, 0x7, 0xff, 0xe0, 0xff, 0x80, 0x0, 0x1,
    0xff, 0xf0, 0xff, 0x80, 0x0, 0x0, 0x7f, 0xf8,
    0xff, 0x80, 0x0, 0x0, 0x3f, 0xf8, 0xff, 0x80,
    0x0, 0x0, 0x1f, 0xfc, 0xff, 0x80, 0x0, 0x0,
    0xf, 0xfc, 0xff, 0x80, 0x0, 0x0, 0xf, 0xfc,
    0xff, 0x80, 0x0, 0x0, 0x7, 0xfe, 0xff, 0x80,
    0x0, 0x0, 0x7, 0xfe, 0xff, 0x80, 0x0, 0x0,
    0x3, 0xfe, 0xff, 0x80, 0x0, 0x0, 0x3, 0xff,
    0xff, 0x80, 0x0, 0x0, 0x3, 0xff, 0xff, 0x80,
    0x0, 0x0, 0x1, 0xff, 0xff, 0x80, 0x0, 0x0,
    0x1, 0xff, 0xff, 0x80, 0x0, 0x0, 0x1, 0xff,
    0xff, 0x80, 0x0, 0x0, 0x1, 0xff, 0xff, 0x80,
    0x0, 0x0, 0x1, 0xff, 0xff, 0x80, 0x0, 0x0,
    0x1, 0xff, 0xff, 0x80, 0x0, 0x0, 0x1, 0xff,
    0xff, 0x80, 0x0, 0x0, 0x1, 0xff, 0xff, 0x80,
    0x0, 0x0, 0x3, 0xff, 0xff, 0x80, 0x0, 0x0,
    0x3, 0xfe, 0xff, 0x80, 0x0, 0x0, 0x3, 0xfe,
    0xff, 0x80, 0x0, 0x0, 0x7, 0xfe, 0xff, 0x80,
    0x0, 0x0, 0x7, 0xfc, 0xff, 0x80, 0x0, 0x0,
    0xf, 0xfc, 0xff, 0x80, 0x0, 0x0, 0xf, 0xfc,
    0xff, 0x80, 0x0, 0x0, 0x1f, 0xf8, 0xff, 0x80,
    0x0, 0x0, 0x3f, 0xf8, 0xff, 0x80, 0x0, 0x0,
    0x7f, 0xf0, 0xff, 0x80, 0x0, 0x1, 0xff, 0xe0,
    0xff, 0x80, 0x0, 0x7, 0xff, 0xc0, 0xff, 0x80,
    0x0, 0x3f, 0xff, 0x80, 0xff, 0xff, 0xff, 0xff,
    0xff, 0x0, 0xff, 0xff, 0xff, 0xff, 0xfe, 0x0,
    0xff, 0xff, 0xff, 0xff, 0xfc, 0x0, 0xff, 0xff,
    0xff, 0xff, 0xf0, 0x0, 0xff, 0xff, 0xff, 0xff,
    0xc0, 0x0, 0xff, 0xff, 0xff, 0xff, 0x0, 0x0,
    0xff, 0xff, 0xff, 0xf0, 0x0, 0x0,

    /* U+0045 "E" */
    0xff, 0xff, 0xff, 0xff, 0xf7, 0xff, 0xff, 0xff,
    0xff, 0xbf, 0xff, 0xff, 0xff, 0xfd, 0xff, 0xff,
    0xff, 0xff, 0xef, 0xff, 0xff, 0xff, 0xff, 0x7f,
    0xff, 0xff, 0xff, 0xfb, 0xff, 0xff, 0xff, 0xff,
    0xdf, 0xf0, 0x0, 0x0, 0x0, 0xff, 0x80, 0x0,
    0x0, 0x7, 0xfc, 0x0, 0x0, 0x0, 0x3f, 0xe0,
    0x0, 0x0, 0x1, 0xff, 0x0, 0x0, 0x0, 0xf,
    0xf8, 0x0, 0x0, 0x0, 0x7f, 0xc0, 0x0, 0x0,
    0x3, 0xfe, 0x0, 0x0, 0x0, 0x1f, 0xf0, 0x0,
    0x0, 0x0, 0xff, 0x80, 0x0, 0x0, 0x7, 0xfc,
    0x0, 0x0, 0x0, 0x3f, 0xe0, 0x0, 0x0, 0x1,
    0xff, 0x0, 0x0, 0x0, 0xf, 0xff, 0xff, 0xff,
    0xf8, 0x7f, 0xff, 0xff, 0xff, 0xc3, 0xff, 0xff,
    0xff, 0xfe, 0x1f, 0xff, 0xff, 0xff, 0xf0, 0xff,
    0xff, 0xff, 0xff, 0x87, 0xff, 0xff, 0xff, 0xfc,
    0x3f, 0xff, 0xff, 0xff, 0xe1, 0xff, 0x0, 0x0,
    0x0, 0xf, 0xf8, 0x0, 0x0, 0x0, 0x7f, 0xc0,
    0x0, 0x0, 0x3, 0xfe, 0x0, 0x0, 0x0, 0x1f,
    0xf0, 0x0, 0x0, 0x0, 0xff, 0x80, 0x0, 0x0,
    0x7, 0xfc, 0x0, 0x0, 0x0, 0x3f, 0xe0, 0x0,
    0x0, 0x1, 0xff, 0x0, 0x0, 0x0, 0xf, 0xf8,
    0x0, 0x0, 0x0, 0x7f, 0xc0, 0x0, 0x0, 0x3,
    0xfe, 0x0, 0x0, 0x0, 0x1f, 0xf0, 0x0, 0x0,
    0x0, 0xff, 0x80, 0x0, 0x0, 0x7, 0xfc, 0x0,
    0x0, 0x0, 0x3f, 0xff, 0xff, 0xff, 0xff, 0xff,
    0xff, 0xff, 0xff, 0xff, 0xff, 0xff, 0xff, 0xff,
    0xff, 0xff, 0xff, 0xff, 0xff, 0xff, 0xff, 0xff,
    0xff, 0xff, 0xff, 0xff, 0xff, 0xff, 0xff, 0xff,
    0xff, 0xff, 0xf8,

    /* U+0046 "F" */
    0xff, 0xff, 0xff, 0xff, 0xff, 0xff, 0xff, 0xff,
    0xff, 0xff, 0xff, 0xff, 0xff, 0xff, 0xff, 0xff,
    0xff, 0xff, 0xff, 0xff, 0xff, 0xff, 0xff, 0xff,
    0xff, 0xff, 0xff, 0xff, 0xff, 0xff, 0xff, 0xff,
    0xf8, 0x0, 0x0, 0x0, 0xff, 0x80, 0x0, 0x0,
    0xf, 0xf8, 0x0, 0x0, 0x0, 0xff, 0x80, 0x0,
    0x0, 0xf, 0xf8, 0x0, 0x0, 0x0, 0xff, 0x80,
    0x0, 0x0, 0xf, 0xf8, 0x0, 0x0, 0x0, 0xff,
    0x80, 0x0, 0x0, 0xf, 0xf8, 0x0, 0x0, 0x0,
    0xff, 0x80, 0x0, 0x0, 0xf, 0xf8, 0x0, 0x0,
    0x0, 0xff, 0x80, 0x0, 0x0, 0xf, 0xf8, 0x0,
    0x0, 0x0, 0xff, 0x80, 0x0, 0x0, 0xf, 0xf8,
    0x0, 0x0, 0x0, 0xff, 0xff, 0xff, 0xff, 0x8f,
    0xff, 0xff, 0xff, 0xf8, 0xff, 0xff, 0xff, 0xff,
    0x8f, 0xff, 0xff, 0xff, 0xf8, 0xff, 0xff, 0xff,
    0xff, 0x8f, 0xff, 0xff, 0xff, 0xf8, 0xff, 0xff,
    0xff, 0xff, 0x8f, 0xff, 0xff, 0xff, 0xf8, 0xff,
    0x80, 0x0, 0x0, 0xf, 0xf8, 0x0, 0x0, 0x0,
    0xff, 0x80, 0x0, 0x0, 0xf, 0xf8, 0x0, 0x0,
    0x0, 0xff, 0x80, 0x0, 0x0, 0xf, 0xf8, 0x0,
    0x0, 0x0, 0xff, 0x80, 0x0, 0x0, 0xf, 0xf8,
    0x0, 0x0, 0x0, 0xff, 0x80, 0x0, 0x0, 0xf,
    0xf8, 0x0, 0x0, 0x0, 0xff, 0x80, 0x0, 0x0,
    0xf, 0xf8, 0x0, 0x0, 0x0, 0xff, 0x80, 0x0,
    0x0, 0xf, 0xf8, 0x0, 0x0, 0x0, 0xff, 0x80,
    0x0, 0x0, 0xf, 0xf8, 0x0, 0x0, 0x0, 0xff,
    0x80, 0x0, 0x0, 0xf, 0xf8, 0x0, 0x0, 0x0,
    0xff, 0x80, 0x0, 0x0, 0x0,

    /* U+0047 "G" */
    0x0, 0x0, 0x0, 0x0, 0x0, 0x0, 0x0, 0x0,
    0x3f, 0xff, 0xc0, 0x0, 0x0, 0x3, 0xff, 0xff,
    0xf0, 0x0, 0x0, 0x3f, 0xff, 0xff, 0xf8, 0x0,
    0x0, 0xff, 0xff, 0xff, 0xfc, 0x0, 0x7, 0xff,
    0xff, 0xff, 0xfc, 0x0, 0x1f, 0xff, 0xff, 0xff,
    0xfe, 0x0, 0x7f, 0xff, 0xff, 0xff, 0xfe, 0x1,
    0xff, 0xff, 0xff, 0xff, 0xfe, 0x7, 0xff, 0xe0,
    0x0, 0xff, 0xf8, 0x1f, 0xff, 0x0, 0x0, 0x3f,
    0xc0, 0x7f, 0xf8, 0x0, 0x0, 0x3f, 0x0, 0xff,
    0xe0, 0x0, 0x0, 0x1c, 0x3, 0xff, 0x80, 0x0,
    0x0, 0x10, 0xf, 0xfe, 0x0, 0x0, 0x0, 0x0,
    0x1f, 0xf8, 0x0, 0x0, 0x0, 0x0, 0x3f, 0xe0,
    0x0, 0x0, 0x0, 0x0, 0xff, 0xc0, 0x0, 0x0,
    0x0, 0x1, 0xff, 0x0, 0x0, 0x0, 0x0, 0x3,
    0xfe, 0x0, 0x0, 0x0, 0x0, 0xf, 0xfc, 0x0,
    0x0, 0x0, 0x0, 0x1f, 0xf0, 0x0, 0x0, 0x0,
    0x0, 0x3f, 0xe0, 0x0, 0x0, 0x0, 0x0, 0x7f,
    0xc0, 0x0, 0x0, 0x0, 0x0, 0xff, 0x80, 0x0,
    0x0, 0x0, 0x1, 0xff, 0x0, 0x0, 0x0, 0xf,
    0xfb, 0xfe, 0x0, 0x0, 0x0, 0x1f, 0xf7, 0xfc,
    0x0, 0x0, 0x0, 0x3f, 0xef, 0xf8, 0x0, 0x0,
    0x0, 0x7f, 0xdf, 0xf0, 0x0, 0x0, 0x0, 0xff,
    0xbf, 0xf0, 0x0, 0x0, 0x1, 0xff, 0x3f, 0xe0,
    0x0, 0x0, 0x3, 0xfe, 0x7f, 0xc0, 0x0, 0x0,
    0x7, 0xfc, 0xff, 0xc0, 0x0, 0x0, 0xf, 0xf8,
    0xff, 0x80, 0x0, 0x0, 0x1f, 0xf1, 0xff, 0x80,
    0x0, 0x0, 0x3f, 0xe3, 0xff, 0x80, 0x0, 0x0,
    0x7f, 0xc3, 0xff, 0x80, 0x0, 0x0, 0xff, 0x83,
    0xff, 0x80, 0x0, 0x1, 0xff, 0x7, 0xff, 0x80,
    0x0, 0x3, 0xfe, 0x7, 0xff, 0xc0, 0x0, 0xf,
    0xfc, 0x7, 0xff, 0xe0, 0x0, 0x7f, 0xf8, 0x7,
    0xff, 0xff, 0xff, 0xff, 0xf0, 0x7, 0xff, 0xff,
    0xff, 0xff, 0xe0, 0x7, 0xff, 0xff, 0xff, 0xff,
    0xc0, 0x7, 0xff, 0xff, 0xff, 0xfe, 0x0, 0x3,
    0xff, 0xff, 0xff, 0xf8, 0x0, 0x3, 0xff, 0xff,
    0xff, 0xc0, 0x0, 0x0, 0xff, 0xff, 0xfc, 0x0,
    0x0, 0x0, 0x3f, 0xff, 0xc0, 0x0, 0x0, 0x0,
    0x1, 0xc0, 0x0, 0x0,

    /* U+0048 "H" */
    0xff, 0x80, 0x0, 0x0, 0x3f, 0xff, 0xf0, 0x0,
    0x0, 0x7, 0xff, 0xfe, 0x0, 0x0, 0x0, 0xff,
    0xff, 0xc0, 0x0, 0x0, 0x1f, 0xff, 0xf8, 0x0,
    0x0, 0x3, 0xff, 0xff, 0x0, 0x0, 0x0, 0x7f,
    0xff, 0xe0, 0x0, 0x0, 0xf, 0xff, 0xfc, 0x0,
    0x0, 0x1, 0xff, 0xff, 0x80, 0x0, 0x0, 0x3f,
    0xff, 0xf0, 0x0, 0x0, 0x7, 0xff, 0xfe, 0x0,
    0x0, 0x0, 0xff, 0xff, 0xc0, 0x0, 0x0, 0x1f,
    0xff, 0xf8, 0x0, 0x0, 0x3, 0xff, 0xff, 0x0,
    0x0, 0x0, 0x7f, 0xff, 0xe0, 0x0, 0x0, 0xf,
    0xff, 0xfc, 0x0, 0x0, 0x1, 0xff, 0xff, 0x80,
    0x0, 0x0, 0x3f, 0xff, 0xf0, 0x0, 0x0, 0x7,
    0xff, 0xfe, 0x0, 0x0, 0x0, 0xff, 0xff, 0xc0,
    0x0, 0x0, 0x1f, 0xff, 0xff, 0xff, 0xff, 0xff,
    0xff, 0xff, 0xff, 0xff, 0xff, 0xff, 0xff, 0xff,
    0xff, 0xff, 0xff, 0xff, 0xff, 0xff, 0xff, 0xff,
    0xff, 0xff, 0xff, 0xff, 0xff, 0xff, 0xff, 0xff,
    0xff, 0xff, 0xff, 0xff, 0xff, 0xff, 0xff, 0xff,
    0xff, 0xff, 0xff, 0xff, 0xff, 0xff, 0xff, 0xf8,
    0x0, 0x0, 0x3, 0xff, 0xff, 0x0, 0x0, 0x0,
    0x7f, 0xff, 0xe0, 0x0, 0x0, 0xf, 0xff, 0xfc,
    0x0, 0x0, 0x1, 0xff, 0xff, 0x80, 0x0, 0x0,
    0x3f, 0xff, 0xf0, 0x0, 0x0, 0x7, 0xff, 0xfe,
    0x0, 0x0, 0x0, 0xff, 0xff, 0xc0, 0x0, 0x0,
    0x1f, 0xff, 0xf8, 0x0, 0x0, 0x3, 0xff, 0xff,
    0x0, 0x0, 0x0, 0x7f, 0xff, 0xe0, 0x0, 0x0,
    0xf, 0xff, 0xfc, 0x0, 0x0, 0x1, 0xff, 0xff,
    0x80, 0x0, 0x0, 0x3f, 0xff, 0xf0, 0x0, 0x0,
    0x7, 0xff, 0xfe, 0x0, 0x0, 0x0, 0xff, 0xff,
    0xc0, 0x0, 0x0, 0x1f, 0xff, 0xf8, 0x0, 0x0,
    0x3, 0xff, 0xff, 0x0, 0x0, 0x0, 0x7f, 0xff,
    0xe0, 0x0, 0x0, 0xf, 0xff, 0xfc, 0x0, 0x0,
    0x1, 0xff, 0xff, 0x80, 0x0, 0x0, 0x3f, 0xe0,

    /* U+0049 "I" */
    0xff, 0xff, 0xff, 0xff, 0xff, 0xff, 0xff, 0xff,
    0xff, 0xff, 0xff, 0xff, 0xff, 0xff, 0xff, 0xff,
    0xff, 0xff, 0xff, 0xff, 0xff, 0xff, 0xff, 0xff,
    0xff, 0xff, 0xff, 0xff, 0xff, 0xff, 0xff, 0xff,
    0xff, 0xff, 0xff, 0xff, 0xff, 0xff, 0xff, 0xff,
    0xff, 0xff, 0xff, 0xff, 0xff, 0xff, 0xff, 0xff,
    0xff, 0xff, 0xff, 0xff, 0xff, 0xff, 0xff, 0x80,

    /* U+004A "J" */
    0x7, 0xff, 0xff, 0xff, 0x7, 0xff, 0xff, 0xff,
    0x7, 0xff, 0xff, 0xff, 0x7, 0xff, 0xff, 0xff,
    0x7, 0xff, 0xff, 0xff, 0x7, 0xff, 0xff, 0xff,
    0x7, 0xff, 0xff, 0xff, 0x0, 0x0, 0x1, 0xff,
    0x0, 0x0, 0x1, 0xff, 0x0, 0x0, 0x1, 0xff,
    0x0, 0x0, 0x1, 0xff, 0x0, 0x0, 0x1, 0xff,
    0x0, 0x0, 0x1, 0xff, 0x0, 0x0, 0x1, 0xff,
    0x0, 0x0, 0x1, 0xff, 0x0, 0x0, 0x1, 0xff,
    0x0, 0x0, 0x1, 0xff, 0x0, 0x0, 0x1, 0xff,
    0x0, 0x0, 0x1, 0xff, 0x0, 0x0, 0x1, 0xff,
    0x0, 0x0, 0x1, 0xff, 0x0, 0x0, 0x1, 0xff,
    0x0, 0x0, 0x1, 0xff, 0x0, 0x0, 0x1, 0xff,
    0x0, 0x0, 0x1, 0xff, 0x0, 0x0, 0x1, 0xff,
    0x0, 0x0, 0x1, 0xff, 0x0, 0x0, 0x1, 0xff,
    0x0, 0x0, 0x1, 0xff, 0x0, 0x0, 0x1, 0xff,
    0x0, 0x0, 0x1, 0xff, 0x0, 0x0, 0x1, 0xff,
    0x0, 0x0, 0x1, 0xff, 0x0, 0x0, 0x1, 0xff,
    0x0, 0x0, 0x1, 0xff, 0x0, 0x0, 0x1, 0xff,
    0x0, 0x0, 0x1, 0xff, 0x4, 0x0, 0x3, 0xff,
    0xe, 0x0, 0x3, 0xfe, 0x1f, 0x0, 0x3, 0xfe,
    0x3f, 0x80, 0x7, 0xfe, 0x3f, 0xe0, 0xf, 0xfc,
    0x7f, 0xff, 0xff, 0xfc, 0x7f, 0xff, 0xff, 0xf8,
    0x3f, 0xff, 0xff, 0xf0, 0x1f, 0xff, 0xff, 0xe0,
    0xf, 0xff, 0xff, 0xc0, 0x3, 0xff, 0xff, 0x80,
    0x0, 0x7f, 0xfc, 0x0, 0x0, 0x3, 0x0, 0x0,

    /* U+004B "K" */
    0xff, 0x80, 0x0, 0x0, 0x7f, 0xe7, 0xfc, 0x0,
    0x0, 0x7, 0xfe, 0x3f, 0xe0, 0x0, 0x0, 0x7f,
    0xe1, 0xff, 0x0, 0x0, 0x7, 0xfe, 0xf, 0xf8,
    0x0, 0x0, 0x7f, 0xe0, 0x7f, 0xc0, 0x0, 0x7,
    0xfe, 0x3, 0xfe, 0x0, 0x0, 0x7f, 0xe0, 0x1f,
    0xf0, 0x0, 0x7, 0xfe, 0x0, 0xff, 0x80, 0x0,
    0x7f, 0xe0, 0x7, 0xfc, 0x0, 0x7, 0xff, 0x0,
    0x3f, 0xe0, 0x0, 0x7f, 0xf0, 0x1, 0xff, 0x0,
    0x7, 0xff, 0x0, 0xf, 0xf8, 0x0, 0x7f, 0xf0,
    0x0, 0x7f, 0xc0, 0x7, 0xff, 0x0, 0x3, 0xfe,
    0x0, 0x7f, 0xf0, 0x0, 0x1f, 0xf0, 0x7, 0xff,
    0x0, 0x0, 0xff, 0x80, 0x7f, 0xf0, 0x0, 0x7,
    0xfc, 0x7, 0xff, 0x0, 0x0, 0x3f, 0xe0, 0x7f,
    0xf0, 0x0, 0x1, 0xff, 0x7, 0xff, 0x0, 0x0,
    0xf, 0xf8, 0x7f, 0xf0, 0x0, 0x0, 0x7f, 0xc7,
    0xff, 0x0, 0x0, 0x3, 0xfe, 0x3f, 0xf8, 0x0,
    0x0, 0x1f, 0xf3, 0xff, 0xe0, 0x0, 0x0, 0xff,
    0xbf, 0xff, 0x80, 0x0, 0x7, 0xff, 0xff, 0xfe,
    0x0, 0x0, 0x3f, 0xff, 0xff, 0xf8, 0x0, 0x1,
    0xff, 0xff, 0xff, 0xc0, 0x0, 0xf, 0xff, 0xff,
    0xff, 0x0, 0x0, 0x7f, 0xff, 0x9f, 0xfc, 0x0,
    0x3, 0xff, 0xf8, 0xff, 0xf0, 0x0, 0x1f, 0xff,
    0x83, 0xff, 0xc0, 0x0, 0xff, 0xf8, 0xf, 0xfe,
    0x0, 0x7, 0xff, 0x80, 0x3f, 0xf8, 0x0, 0x3f,
    0xf8, 0x0, 0xff, 0xe0, 0x1, 0xff, 0x80, 0x3,
    0xff, 0x80, 0xf, 0xf8, 0x0, 0xf, 0xfe, 0x0,
    0x7f, 0xc0, 0x0, 0x7f, 0xf0, 0x3, 0xfe, 0x0,
    0x1, 0xff, 0xc0, 0x1f, 0xf0, 0x0, 0x7, 0xff,
    0x0, 0xff, 0x80, 0x0, 0x1f, 0xfc, 0x7, 0xfc,
    0x0, 0x0, 0x7f, 0xf0, 0x3f, 0xe0, 0x0, 0x1,
    0xff, 0x81, 0xff, 0x0, 0x0, 0xf, 0xfe, 0xf,
    0xf8, 0x0, 0x0, 0x3f, 0xf8, 0x7f, 0xc0, 0x0,
    0x0, 0xff, 0xe3, 0xfe, 0x0, 0x0, 0x3, 0xff,
    0x9f, 0xf0, 0x0, 0x0, 0xf, 0xfc, 0xff, 0x80,
    0x0, 0x0, 0x3f, 0xf0,

    /* U+004C "L" */
    0xff, 0x80, 0x0, 0x0, 0x1f, 0xf0, 0x0, 0x0,
    0x3, 0xfe, 0x0, 0x0, 0x0, 0x7f, 0xc0, 0x0,
    0x0, 0xf, 0xf8, 0x0, 0x0, 0x1, 0xff, 0x0,
    0x0, 0x0, 0x3f, 0xe0, 0x0, 0x0, 0x7, 0xfc,
    0x0, 0x0, 0x0, 0xff, 0x80, 0x0, 0x0, 0x1f,
    0xf0, 0x0, 0x0, 0x3, 0xfe, 0x0, 0x0, 0x0,
    0x7f, 0xc0, 0x0, 0x0, 0xf, 0xf8, 0x0, 0x0,
    0x1, 0xff, 0x0, 0x0, 0x0, 0x3f, 0xe0, 0x0,
    0x0, 0x7, 0xfc, 0x0, 0x0, 0x0, 0xff, 0x80,
    0x0, 0x0, 0x1f, 0xf0, 0x0, 0x0, 0x3, 0xfe,
    0x0, 0x0, 0x0, 0x7f, 0xc0, 0x0, 0x0, 0xf,
    0xf8, 0x0, 0x0, 0x1, 0xff, 0x0, 0x0, 0x0,
    0x3f, 0xe0, 0x0, 0x0, 0x7, 0xfc, 0x0, 0x0,
    0x0, 0xff, 0x80, 0x0, 0x0, 0x1f, 0xf0, 0x0,
    0x0, 0x3, 0xfe, 0x0, 0x0, 0x0, 0x7f, 0xc0,
    0x0, 0x0, 0xf, 0xf8, 0x0, 0x0, 0x1, 0xff,
    0x0, 0x0, 0x0, 0x3f, 0xe0, 0x0, 0x0, 0x7,
    0xfc, 0x0, 0x0, 0x0, 0xff, 0x80, 0x0, 0x0,
    0x1f, 0xf0, 0x0, 0x0, 0x3, 0xfe, 0x0, 0x0,
    0x0, 0x7f, 0xc0, 0x0, 0x0, 0xf, 0xf8, 0x0,
    0x0, 0x1, 0xff, 0x0, 0x0, 0x0, 0x3f, 0xe0,
    0x0, 0x0, 0x7, 0xfc, 0x0, 0x0, 0x0, 0xff,
    0x80, 0x0, 0x0, 0x1f, 0xf0, 0x0, 0x0, 0x3,
    0xff, 0xff, 0xff, 0xff, 0xff, 0xff, 0xff, 0xff,
    0xff, 0xff, 0xff, 0xff, 0xff, 0xff, 0xff, 0xff,
    0xff, 0xff, 0xff, 0xff, 0xff, 0xff, 0xff, 0xff,
    0xff, 0xff, 0xff, 0xff, 0xff, 0xff, 0xe0,

    /* U+004D "M" */
    0xff, 0x0, 0x0, 0x0, 0x0, 0x3, 0xff, 0xfe,
    0x0, 0x0, 0x0, 0x0, 0x1f, 0xff, 0xf8, 0x0,
    0x0, 0x0, 0x0, 0x7f, 0xff, 0xf0, 0x0, 0x0,
    0x0, 0x3, 0xff, 0xff, 0xc0, 0x0, 0x0, 0x0,
    0xf, 0xff, 0xff, 0x80, 0x0, 0x0, 0x0, 0x7f,
    0xff, 0xff, 0x0, 0x0, 0x0, 0x3, 0xff, 0xff,
    0xfc, 0x0, 0x0, 0x0, 0xf, 0xff, 0xff, 0xf8,
    0x0, 0x0, 0x0, 0x7f, 0xff, 0xff, 0xe0, 0x0,
    0x0, 0x1, 0xff, 0xff, 0xff, 0xc0, 0x0, 0x0,
    0xf, 0xff, 0xff, 0xff, 0x80, 0x0, 0x0, 0x7f,
    0xff, 0xff, 0xfe, 0x0, 0x0, 0x1, 0xff, 0xff,
    0xff, 0xfc, 0x0, 0x0, 0xf, 0xff, 0xff, 0xff,
    0xf0, 0x0, 0x0, 0x3f, 0xff, 0xff, 0xff, 0xe0,
    0x0, 0x1, 0xff, 0xff, 0xff, 0xff, 0xc0, 0x0,
    0xf, 0xff, 0xff, 0xff, 0xff, 0x0, 0x0, 0x3f,
    0xdf, 0xff, 0xfb, 0xfe, 0x0, 0x1, 0xff, 0x7f,
    0xff, 0xe7, 0xf8, 0x0, 0x7, 0xf9, 0xff, 0xff,
    0x9f, 0xf0, 0x0, 0x3f, 0xe7, 0xff, 0xfe, 0x3f,
    0xe0, 0x0, 0xff, 0x1f, 0xff, 0xf8, 0xff, 0x80,
    0x7, 0xf8, 0x7f, 0xff, 0xe1, 0xff, 0x0, 0x3f,
    0xe1, 0xff, 0xff, 0x83, 0xfc, 0x0, 0xff, 0x7,
    0xff, 0xfe, 0xf, 0xf8, 0x7, 0xfc, 0x1f, 0xff,
    0xf8, 0x1f, 0xf0, 0x1f, 0xe0, 0x7f, 0xff, 0xe0,
    0x7f, 0xc0, 0xff, 0x1, 0xff, 0xff, 0x80, 0xff,
    0x87, 0xfc, 0x7, 0xff, 0xfe, 0x1, 0xfe, 0x1f,
    0xe0, 0x1f, 0xff, 0xf8, 0x7, 0xfc, 0xff, 0x80,
    0x7f, 0xff, 0xe0, 0xf, 0xfb, 0xfc, 0x1, 0xff,
    0xff, 0x80, 0x3f, 0xff, 0xf0, 0x7, 0xff, 0xfe,
    0x0, 0x7f, 0xff, 0x80, 0x1f, 0xff, 0xf8, 0x0,
    0xff, 0xfc, 0x0, 0x7f, 0xff, 0xe0, 0x3, 0xff,
    0xf0, 0x1, 0xff, 0xff, 0x80, 0x7, 0xff, 0x80,
    0x7, 0xff, 0xfe, 0x0, 0x1f, 0xfe, 0x0, 0x1f,
    0xff, 0xf8, 0x0, 0x3f, 0xf0, 0x0, 0x7f, 0xff,
    0xe0, 0x0, 0x7f, 0x80, 0x1, 0xff, 0xff, 0x80,
    0x1, 0xfe, 0x0, 0x7, 0xff, 0xfe, 0x0, 0x3,
    0xf0, 0x0, 0x1f, 0xff, 0xf8, 0x0, 0xf, 0xc0,
    0x0, 0x7f, 0xff, 0xe0, 0x0, 0x0, 0x0, 0x1,
    0xff, 0xff, 0x80, 0x0, 0x0, 0x0, 0x7, 0xff,
    0xfe, 0x0, 0x0, 0x0, 0x0, 0x1f, 0xff, 0xf8,
    0x0, 0x0, 0x0, 0x0, 0x7f, 0xff, 0xe0, 0x0,
    0x0, 0x0, 0x1, 0xff, 0xff, 0x80, 0x0, 0x0,
    0x0, 0x7, 0xfc,

    /* U+004E "N" */
    0xff, 0x0, 0x0, 0x0, 0x1f, 0xff, 0xf8, 0x0,
    0x0, 0x1, 0xff, 0xff, 0xc0, 0x0, 0x0, 0x1f,
    0xff, 0xfc, 0x0, 0x0, 0x1, 0xff, 0xff, 0xe0,
    0x0, 0x0, 0x1f, 0xff, 0xff, 0x0, 0x0, 0x1,
    0xff, 0xff, 0xf8, 0x0, 0x0, 0x1f, 0xff, 0xff,
    0xc0, 0x0, 0x1, 0xff, 0xff, 0xfe, 0x0, 0x0,
    0x1f, 0xff, 0xff, 0xe0, 0x0, 0x1, 0xff, 0xff,
    0xff, 0x0, 0x0, 0x1f, 0xff, 0xff, 0xf8, 0x0,
    0x1, 0xff, 0xff, 0xff, 0xc0, 0x0, 0x1f, 0xff,
    0xff, 0xfe, 0x0, 0x1, 0xff, 0xff, 0xff, 0xf0,
    0x0, 0x1f, 0xff, 0xff, 0xff, 0x0, 0x1, 0xff,
    0xff, 0xbf, 0xf8, 0x0, 0x1f, 0xff, 0xfb, 0xff,
    0xc0, 0x1, 0xff, 0xff, 0x9f, 0xfe, 0x0, 0x1f,
    0xff, 0xf8, 0xff, 0xf0, 0x1, 0xff, 0xff, 0x87,
    0xff, 0x0, 0x1f, 0xff, 0xf8, 0x3f, 0xf8, 0x1,
    0xff, 0xff, 0x81, 0xff, 0xc0, 0x1f, 0xff, 0xf8,
    0x1f, 0xfe, 0x1, 0xff, 0xff, 0x80, 0xff, 0xf0,
    0x1f, 0xff, 0xf8, 0x7, 0xff, 0x81, 0xff, 0xff,
    0x80, 0x3f, 0xf8, 0x1f, 0xff, 0xf8, 0x1, 0xff,
    0xc1, 0xff, 0xff, 0x80, 0xf, 0xfe, 0x1f, 0xff,
    0xf8, 0x0, 0xff, 0xf1, 0xff, 0xff, 0x80, 0x7,
    0xff, 0x9f, 0xff, 0xf8, 0x0, 0x3f, 0xfd, 0xff,
    0xff, 0x80, 0x1, 0xff, 0xdf, 0xff, 0xf8, 0x0,
    0xf, 0xff, 0xff, 0xff, 0x80, 0x0, 0xff, 0xff,
    0xff, 0xf8, 0x0, 0x7, 0xff, 0xff, 0xff, 0x80,
    0x0, 0x3f, 0xff, 0xff, 0xf8, 0x0, 0x1, 0xff,
    0xff, 0xff, 0x80, 0x0, 0xf, 0xff, 0xff, 0xf8,
    0x0, 0x0, 0x7f, 0xff, 0xff, 0x80, 0x0, 0x7,
    0xff, 0xff, 0xf8, 0x0, 0x0, 0x3f, 0xff, 0xff,
    0x80, 0x0, 0x1, 0xff, 0xff, 0xf8, 0x0, 0x0,
    0xf, 0xff, 0xff, 0x80, 0x0, 0x0, 0x7f, 0xff,
    0xf8, 0x0, 0x0, 0x3, 0xff, 0xff, 0x80, 0x0,
    0x0, 0x3f, 0xff, 0xf8, 0x0, 0x0, 0x1, 0xff,
    0xff, 0x80, 0x0, 0x0, 0xf, 0xf0,

    /* U+004F "O" */
    0x0, 0x0, 0x0, 0x20, 0x0, 0x0, 0x0, 0x0,
    0x0, 0xff, 0xfe, 0x0, 0x0, 0x0, 0x0, 0x3f,
    0xff, 0xfe, 0x0, 0x0, 0x0, 0xf, 0xff, 0xff,
    0xfe, 0x0, 0x0, 0x0, 0xff, 0xff, 0xff, 0xf8,
    0x0, 0x0, 0x1f, 0xff, 0xff, 0xff, 0xf0, 0x0,
    0x1, 0xff, 0xff, 0xff, 0xff, 0xc0, 0x0, 0x1f,
    0xff, 0xff, 0xff, 0xff, 0x0, 0x1, 0xff, 0xff,
    0xff, 0xff, 0xfc, 0x0, 0x1f, 0xff, 0x80, 0x3,
    0xff, 0xf0, 0x1, 0xff, 0xf0, 0x0, 0x7, 0xff,
    0xc0, 0x1f, 0xfe, 0x0, 0x0, 0xf, 0xff, 0x0,
    0xff, 0xe0, 0x0, 0x0, 0x3f, 0xf8, 0xf, 0xfe,
    0x0, 0x0, 0x0, 0xff, 0xe0, 0xff, 0xe0, 0x0,
    0x0, 0x3, 0xff, 0x87, 0xfe, 0x0, 0x0, 0x0,
    0xf, 0xfc, 0x3f, 0xe0, 0x0, 0x0, 0x0, 0x3f,
    0xe3, 0xff, 0x0, 0x0, 0x0, 0x1, 0xff, 0x9f,
    0xf0, 0x0, 0x0, 0x0, 0x7, 0xfc, 0xff, 0x80,
    0x0, 0x0, 0x0, 0x3f, 0xef, 0xfc, 0x0, 0x0,
    0x0, 0x1, 0xff, 0xff, 0xc0, 0x0, 0x0, 0x0,
    0x7, 0xff, 0xfe, 0x0, 0x0, 0x0, 0x0, 0x3f,
    0xff, 0xf0, 0x0, 0x0, 0x0, 0x1, 0xff, 0xff,
    0x80, 0x0, 0x0, 0x0, 0xf, 0xff, 0xfc, 0x0,
    0x0, 0x0, 0x0, 0x7f, 0xff, 0xe0, 0x0, 0x0,
    0x0, 0x3, 0xff, 0xff, 0x0, 0x0, 0x0, 0x0,
    0x1f, 0xff, 0xf8, 0x0, 0x0, 0x0, 0x0, 0xff,
    0xff, 0xc0, 0x0, 0x0, 0x0, 0x7, 0xff, 0xff,
    0x0, 0x0, 0x0, 0x0, 0x7f, 0xef, 0xf8, 0x0,
    0x0, 0x0, 0x3, 0xfe, 0x7f, 0xc0, 0x0, 0x0,
    0x0, 0x1f, 0xf3, 0xff, 0x0, 0x0, 0x0, 0x1,
    0xff, 0x8f, 0xf8, 0x0, 0x0, 0x0, 0xf, 0xf8,
    0x7f, 0xe0, 0x0, 0x0, 0x0, 0xff, 0xc3, 0xff,
    0x80, 0x0, 0x0, 0xf, 0xfe, 0xf, 0xfe, 0x0,
    0x0, 0x0, 0xff, 0xe0, 0x3f, 0xf8, 0x0, 0x0,
    0xf, 0xfe, 0x1, 0xff, 0xe0, 0x0, 0x0, 0xff,
    0xf0, 0x7, 0xff, 0xc0, 0x0, 0x1f, 0xff, 0x0,
    0x1f, 0xff, 0x80, 0x3, 0xff, 0xf0, 0x0, 0x7f,
    0xff, 0xff, 0xff, 0xff, 0x0, 0x1, 0xff, 0xff,
    0xff, 0xff, 0xf0, 0x0, 0x7, 0xff, 0xff, 0xff,
    0xff, 0x0, 0x0, 0x1f, 0xff, 0xff, 0xff, 0xf0,
    0x0, 0x0, 0x3f, 0xff, 0xff, 0xfe, 0x0, 0x0,
    0x0, 0xff, 0xff, 0xff, 0xe0, 0x0, 0x0, 0x1,
    0xff, 0xff, 0xfc, 0x0, 0x0, 0x0, 0x1, 0xff,
    0xff, 0x0, 0x0, 0x0, 0x0, 0x0, 0x18, 0x0,
    0x0, 0x0,

    /* U+0050 "P" */
    0xff, 0xff, 0xff, 0xc0, 0x0, 0x7f, 0xff, 0xff,
    0xfe, 0x0, 0x3f, 0xff, 0xff, 0xff, 0xc0, 0x1f,
    0xff, 0xff, 0xff, 0xf8, 0xf, 0xff, 0xff, 0xff,
    0xfe, 0x7, 0xff, 0xff, 0xff, 0xff, 0x83, 0xff,
    0xff, 0xff, 0xff, 0xe1, 0xff, 0xff, 0xff, 0xff,
    0xf8, 0xff, 0x80, 0x0, 0xff, 0xfe, 0x7f, 0xc0,
    0x0, 0xf, 0xff, 0x3f, 0xe0, 0x0, 0x1, 0xff,
    0xdf, 0xf0, 0x0, 0x0, 0x7f, 0xef, 0xf8, 0x0,
    0x0, 0x1f, 0xf7, 0xfc, 0x0, 0x0, 0xf, 0xff,
    0xfe, 0x0, 0x0, 0x3, 0xff, 0xff, 0x0, 0x0,
    0x1, 0xff, 0xff, 0x80, 0x0, 0x0, 0xff, 0xff,
    0xc0, 0x0, 0x0, 0x7f, 0xff, 0xe0, 0x0, 0x0,
    0x3f, 0xff, 0xf0, 0x0, 0x0, 0x1f, 0xff, 0xf8,
    0x0, 0x0, 0xf, 0xff, 0xfc, 0x0, 0x0, 0xf,
    0xfb, 0xfe, 0x0, 0x0, 0x7, 0xfd, 0xff, 0x0,
    0x0, 0x7, 0xfe, 0xff, 0x80, 0x0, 0x7, 0xfe,
    0x7f, 0xc0, 0x0, 0xf, 0xff, 0x3f, 0xe0, 0x0,
    0x3f, 0xff, 0x1f, 0xff, 0xff, 0xff, 0xff, 0xf,
    0xff, 0xff, 0xff, 0xff, 0x7, 0xff, 0xff, 0xff,
    0xff, 0x3, 0xff, 0xff, 0xff, 0xff, 0x1, 0xff,
    0xff, 0xff, 0xfe, 0x0, 0xff, 0xff, 0xff, 0xfc,
    0x0, 0x7f, 0xff, 0xff, 0xe0, 0x0, 0x3f, 0xe0,
    0x0, 0x0, 0x0, 0x1f, 0xf0, 0x0, 0x0, 0x0,
    0xf, 0xf8, 0x0, 0x0, 0x0, 0x7, 0xfc, 0x0,
    0x0, 0x0, 0x3, 0xfe, 0x0, 0x0, 0x0, 0x1,
    0xff, 0x0, 0x0, 0x0, 0x0, 0xff, 0x80, 0x0,
    0x0, 0x0, 0x7f, 0xc0, 0x0, 0x0, 0x0, 0x3f,
    0xe0, 0x0, 0x0, 0x0, 0x1f, 0xf0, 0x0, 0x0,
    0x0, 0xf, 0xf8, 0x0, 0x0, 0x0, 0x7, 0xfc,
    0x0, 0x0, 0x0, 0x3, 0xfe, 0x0, 0x0, 0x0,
    0x1, 0xff, 0x0, 0x0, 0x0, 0x0, 0xff, 0x80,
    0x0, 0x0, 0x0, 0x0,

    /* U+0051 "Q" */
    0x0, 0x0, 0x0, 0x20, 0x0, 0x0, 0x0, 0x0,
    0x0, 0x3f, 0xff, 0x80, 0x0, 0x0, 0x0, 0x3,
    0xff, 0xff, 0xe0, 0x0, 0x0, 0x0, 0x3f, 0xff,
    0xff, 0xf8, 0x0, 0x0, 0x0, 0xff, 0xff, 0xff,
    0xf8, 0x0, 0x0, 0x7, 0xff, 0xff, 0xff, 0xfc,
    0x0, 0x0, 0x1f, 0xff, 0xff, 0xff, 0xfc, 0x0,
    0x0, 0x7f, 0xff, 0xff, 0xff, 0xfc, 0x0, 0x1,
    0xff, 0xff, 0xff, 0xff, 0xfc, 0x0, 0x7, 0xff,
    0xe0, 0x0, 0xff, 0xfc, 0x0, 0x1f, 0xff, 0x0,
    0x0, 0x7f, 0xfc, 0x0, 0x7f, 0xf8, 0x0, 0x0,
    0x3f, 0xfc, 0x0, 0xff, 0xe0, 0x0, 0x0, 0x3f,
    0xf8, 0x3, 0xff, 0x80, 0x0, 0x0, 0x3f, 0xf8,
    0x7, 0xfe, 0x0, 0x0, 0x0, 0x3f, 0xf0, 0x1f,
    0xf8, 0x0, 0x0, 0x0, 0x3f, 0xf0, 0x3f, 0xe0,
    0x0, 0x0, 0x0, 0x7f, 0xe0, 0xff, 0xc0, 0x0,
    0x0, 0x0, 0x7f, 0xe1, 0xff, 0x0, 0x0, 0x0,
    0x0, 0x7f, 0xc3, 0xfe, 0x0, 0x0, 0x0, 0x0,
    0xff, 0x8f, 0xfc, 0x0, 0x0, 0x0, 0x1, 0xff,
    0x9f, 0xf0, 0x0, 0x0, 0x0, 0x1, 0xff, 0x3f,
    0xe0, 0x0, 0x0, 0x0, 0x3, 0xfe, 0x7f, 0xc0,
    0x0, 0x0, 0x0, 0x7, 0xfc, 0xff, 0x80, 0x0,
    0x0, 0x0, 0xf, 0xf9, 0xff, 0x0, 0x0, 0x0,
    0x0, 0x1f, 0xf3, 0xfe, 0x0, 0x0, 0x0, 0x0,
    0x3f, 0xe7, 0xfc, 0x0, 0x0, 0x0, 0x0, 0x7f,
    0xcf, 0xf8, 0x0, 0x0, 0x0, 0x0, 0xff, 0x9f,
    0xf0, 0x0, 0x0, 0x0, 0x1, 0xff, 0x3f, 0xf0,
    0x0, 0x0, 0x0, 0x7, 0xfe, 0x3f, 0xe0, 0x0,
    0x0, 0x0, 0xf, 0xf8, 0x7f, 0xc0, 0x0, 0x0,
    0x0, 0x1f, 0xf0, 0xff, 0xc0, 0x0, 0x0, 0x0,
    0x7f, 0xe1, 0xff, 0x80, 0x0, 0x0, 0x0, 0xff,
    0xc1, 0xff, 0x80, 0x0, 0x0, 0x3, 0xff, 0x3,
    0xff, 0x80, 0x0, 0x0, 0xf, 0xfe, 0x3, 0xff,
    0x0, 0x0, 0x0, 0x1f, 0xf8, 0x7, 0xff, 0x0,
    0x0, 0x0, 0x7f, 0xf0, 0x7, 0xff, 0x80, 0x0,
    0x3, 0xff, 0xc0, 0x7, 0xff, 0x80, 0x0, 0xf,
    0xff, 0x0, 0xf, 0xff, 0xc0, 0x0, 0x7f, 0xfe,
    0x0, 0xf, 0xff, 0xf0, 0x7, 0xff, 0xf8, 0x0,
    0xf, 0xff, 0xff, 0xff, 0xff, 0xe0, 0x0, 0xf,
    0xff, 0xff, 0xff, 0xff, 0x80, 0x0, 0xf, 0xff,
    0xff, 0xff, 0xfe, 0x0, 0x0, 0x7, 0xff, 0xff,
    0xff, 0xf0, 0x0, 0x0, 0x7, 0xff, 0xff, 0xff,
    0xc0, 0x0, 0x0, 0x3, 0xff, 0xff, 0xfc, 0x0,
    0x0, 0x0, 0x0, 0xff, 0xff, 0xe0, 0x0, 0x0,
    0x0, 0x0, 0x1f, 0xff, 0x80, 0x0, 0x40, 0x0,
    0x0, 0x7, 0xff, 0x80, 0x1, 0x80, 0x0, 0x0,
    0x7, 0xff, 0xc0, 0xf, 0x80, 0x0, 0x0, 0x7,
    0xff, 0xe0, 0x7f, 0x80, 0x0, 0x0, 0x7, 0xff,
    0xff, 0xff, 0x80, 0x0, 0x0, 0x3, 0xff, 0xff,
    0xff, 0x0, 0x0, 0x0, 0x3, 0xff, 0xff, 0xfc,
    0x0, 0x0, 0x0, 0x3, 0xff, 0xff, 0xf0, 0x0,
    0x0, 0x0, 0x1, 0xff, 0xff, 0xc0, 0x0, 0x0,
    0x0, 0x0, 0xff, 0xfe, 0x0, 0x0, 0x0, 0x0,
    0x0, 0x3f, 0xe0, 0x0,

    /* U+0052 "R" */
    0xff, 0xff, 0xff, 0xc0, 0x0, 0x3f, 0xff, 0xff,
    0xff, 0x0, 0xf, 0xff, 0xff, 0xff, 0xf0, 0x3,
    0xff, 0xff, 0xff, 0xff, 0x0, 0xff, 0xff, 0xff,
    0xff, 0xe0, 0x3f, 0xff, 0xff, 0xff, 0xfc, 0xf,
    0xff, 0xff, 0xff, 0xff, 0x83, 0xff, 0xff, 0xff,
    0xff, 0xf0, 0xff, 0x80, 0x0, 0xff, 0xfe, 0x3f,
    0xe0, 0x0, 0x7, 0xff, 0x8f, 0xf8, 0x0, 0x0,
    0x7f, 0xf3, 0xfe, 0x0, 0x0, 0xf, 0xfc, 0xff,
    0x80, 0x0, 0x1, 0xff, 0x3f, 0xe0, 0x0, 0x0,
    0x7f, 0xef, 0xf8, 0x0, 0x0, 0xf, 0xfb, 0xfe,
    0x0, 0x0, 0x3, 0xfe, 0xff, 0x80, 0x0, 0x0,
    0xff, 0xbf, 0xe0, 0x0, 0x0, 0x3f, 0xef, 0xf8,
    0x0, 0x0, 0xf, 0xfb, 0xfe, 0x0, 0x0, 0x3,
    0xfe, 0xff, 0x80, 0x0, 0x0, 0xff, 0xbf, 0xe0,
    0x0, 0x0, 0x7f, 0xcf, 0xf8, 0x0, 0x0, 0x1f,
    0xf3, 0xfe, 0x0, 0x0, 0xf, 0xfc, 0xff, 0x80,
    0x0, 0x7, 0xfe, 0x3f, 0xe0, 0x0, 0x7, 0xff,
    0x8f, 0xf8, 0x0, 0xf, 0xff, 0xc3, 0xff, 0xff,
    0xff, 0xff, 0xf0, 0xff, 0xff, 0xff, 0xff, 0xf8,
    0x3f, 0xff, 0xff, 0xff, 0xfc, 0xf, 0xff, 0xff,
    0xff, 0xfc, 0x3, 0xff, 0xff, 0xff, 0xfc, 0x0,
    0xff, 0xff, 0xff, 0xfe, 0x0, 0x3f, 0xff, 0xff,
    0xff, 0xc0, 0xf, 0xf8, 0x0, 0x3f, 0xf0, 0x3,
    0xfe, 0x0, 0x7, 0xfe, 0x0, 0xff, 0x80, 0x0,
    0xff, 0xc0, 0x3f, 0xe0, 0x0, 0x3f, 0xf0, 0xf,
    0xf8, 0x0, 0x7, 0xfe, 0x3, 0xfe, 0x0, 0x0,
    0xff, 0xc0, 0xff, 0x80, 0x0, 0x3f, 0xf0, 0x3f,
    0xe0, 0x0, 0x7, 0xfe, 0xf, 0xf8, 0x0, 0x0,
    0xff, 0xc3, 0xfe, 0x0, 0x0, 0x3f, 0xf0, 0xff,
    0x80, 0x0, 0x7, 0xfe, 0x3f, 0xe0, 0x0, 0x0,
    0xff, 0xcf, 0xf8, 0x0, 0x0, 0x1f, 0xf3, 0xfe,
    0x0, 0x0, 0x7, 0xfe, 0xff, 0x80, 0x0, 0x0,
    0xff, 0xc0,

    /* U+0053 "S" */
    0x0, 0x0, 0x0, 0x0, 0x0, 0x0, 0xf, 0xff,
    0xf0, 0x0, 0x0, 0xff, 0xff, 0xfe, 0x0, 0x7,
    0xff, 0xff, 0xff, 0x0, 0x3f, 0xff, 0xff, 0xff,
    0x80, 0xff, 0xff, 0xff, 0xff, 0x3, 0xff, 0xff,
    0xff, 0xfc, 0xf, 0xff, 0xff, 0xff, 0xf8, 0x1f,
    0xfc, 0x0, 0x1f, 0xe0, 0x7f, 0xe0, 0x0, 0x7,
    0xc0, 0xff, 0x80, 0x0, 0x3, 0x3, 0xff, 0x0,
    0x0, 0x0, 0x7, 0xfc, 0x0, 0x0, 0x0, 0xf,
    0xf8, 0x0, 0x0, 0x0, 0x1f, 0xf0, 0x0, 0x0,
    0x0, 0x3f, 0xe0, 0x0, 0x0, 0x0, 0x7f, 0xe0,
    0x0, 0x0, 0x0, 0xff, 0xc0, 0x0, 0x0, 0x1,
    0xff, 0xe0, 0x0, 0x0, 0x1, 0xff, 0xf0, 0x0,
    0x0, 0x3, 0xff, 0xfc, 0x0, 0x0, 0x7, 0xff,
    0xff, 0x80, 0x0, 0x7, 0xff, 0xff, 0xf0, 0x0,
    0x7, 0xff, 0xff, 0xfc, 0x0, 0x7, 0xff, 0xff,
    0xfe, 0x0, 0x7, 0xff, 0xff, 0xff, 0x0, 0x3,
    0xff, 0xff, 0xff, 0x80, 0x0, 0xff, 0xff, 0xff,
    0x80, 0x0, 0x3f, 0xff, 0xff, 0x80, 0x0, 0xf,
    0xff, 0xff, 0x0, 0x0, 0x1, 0xff, 0xff, 0x0,
    0x0, 0x0, 0x3f, 0xfe, 0x0, 0x0, 0x0, 0x1f,
    0xfe, 0x0, 0x0, 0x0, 0x1f, 0xfc, 0x0, 0x0,
    0x0, 0x1f, 0xf8, 0x0, 0x0, 0x0, 0x1f, 0xf0,
    0x0, 0x0, 0x0, 0x3f, 0xe0, 0x0, 0x0, 0x0,
    0x7f, 0xc4, 0x0, 0x0, 0x0, 0xff, 0x9c, 0x0,
    0x0, 0x3, 0xff, 0x3e, 0x0, 0x0, 0x7, 0xfc,
    0x7f, 0x0, 0x0, 0x1f, 0xf9, 0xff, 0xc0, 0x0,
    0xff, 0xe3, 0xff, 0xff, 0xff, 0xff, 0xcf, 0xff,
    0xff, 0xff, 0xff, 0xf, 0xff, 0xff, 0xff, 0xfc,
    0xf, 0xff, 0xff, 0xff, 0xf0, 0x7, 0xff, 0xff,
    0xff, 0x80, 0x1, 0xff, 0xff, 0xfc, 0x0, 0x0,
    0x7f, 0xff, 0xc0, 0x0, 0x0, 0x0, 0xc0, 0x0,
    0x0,

    /* U+0054 "T" */
    0xff, 0xff, 0xff, 0xff, 0xff, 0xff, 0xff, 0xff,
    0xff, 0xff, 0xff, 0xff, 0xff, 0xff, 0xff, 0xff,
    0xff, 0xff, 0xff, 0xff, 0xff, 0xff, 0xff, 0xff,
    0xff, 0xff, 0xff, 0xff, 0xff, 0xff, 0xff, 0xff,
    0xff, 0xff, 0xff, 0xff, 0xff, 0xff, 0xff, 0xff,
    0xff, 0xff, 0x0, 0x0, 0xff, 0x80, 0x0, 0x0,
    0x0, 0x3f, 0xe0, 0x0, 0x0, 0x0, 0xf, 0xf8,
    0x0, 0x0, 0x0, 0x3, 0xfe, 0x0, 0x0, 0x0,
    0x0, 0xff, 0x80, 0x0, 0x0, 0x0, 0x3f, 0xe0,
    0x0, 0x0, 0x0, 0xf, 0xf8, 0x0, 0x0, 0x0,
    0x3, 0xfe, 0x0, 0x0, 0x0, 0x0, 0xff, 0x80,
    0x0, 0x0, 0x0, 0x3f, 0xe0, 0x0, 0x0, 0x0,
    0xf, 0xf8, 0x0, 0x0, 0x0, 0x3, 0xfe, 0x0,
    0x0, 0x0, 0x0, 0xff, 0x80, 0x0, 0x0, 0x0,
    0x3f, 0xe0, 0x0, 0x0, 0x0, 0xf, 0xf8, 0x0,
    0x0, 0x0, 0x3, 0xfe, 0x0, 0x0, 0x0, 0x0,
    0xff, 0x80, 0x0, 0x0, 0x0, 0x3f, 0xe0, 0x0,
    0x0, 0x0, 0xf, 0xf8, 0x0, 0x0, 0x0, 0x3,
    0xfe, 0x0, 0x0, 0x0, 0x0, 0xff, 0x80, 0x0,
    0x0, 0x0, 0x3f, 0xe0, 0x0, 0x0, 0x0, 0xf,
    0xf8, 0x0, 0x0, 0x0, 0x3, 0xfe, 0x0, 0x0,
    0x0, 0x0, 0xff, 0x80, 0x0, 0x0, 0x0, 0x3f,
    0xe0, 0x0, 0x0, 0x0, 0xf, 0xf8, 0x0, 0x0,
    0x0, 0x3, 0xfe, 0x0, 0x0, 0x0, 0x0, 0xff,
    0x80, 0x0, 0x0, 0x0, 0x3f, 0xe0, 0x0, 0x0,
    0x0, 0xf, 0xf8, 0x0, 0x0, 0x0, 0x3, 0xfe,
    0x0, 0x0, 0x0, 0x0, 0xff, 0x80, 0x0, 0x0,
    0x0, 0x3f, 0xe0, 0x0, 0x0, 0x0, 0xf, 0xf8,
    0x0, 0x0, 0x0, 0x3, 0xfe, 0x0, 0x0, 0x0,
    0x0, 0xff, 0x80, 0x0, 0x0, 0x0, 0x3f, 0xe0,
    0x0, 0x0, 0x0, 0xf, 0xf8, 0x0, 0x0, 0x0,
    0x3, 0xfe, 0x0, 0x0, 0x0, 0x0, 0xff, 0x80,
    0x0, 0x0,

    /* U+0055 "U" */
    0xff, 0x80, 0x0, 0x0, 0x3f, 0xff, 0xf0, 0x0,
    0x0, 0x7, 0xff, 0xfe, 0x0, 0x0, 0x0, 0xff,
    0xff, 0xc0, 0x0, 0x0, 0x1f, 0xff, 0xf8, 0x0,
    0x0, 0x3, 0xff, 0xff, 0x0, 0x0, 0x0, 0x7f,
    0xff, 0xe0, 0x0, 0x0, 0xf, 0xff, 0xfc, 0x0,
    0x0, 0x1, 0xff, 0xff, 0x80, 0x0, 0x0, 0x3f,
    0xff, 0xf0, 0x0, 0x0, 0x7, 0xff, 0xfe, 0x0,
    0x0, 0x0, 0xff, 0xff, 0xc0, 0x0, 0x0, 0x1f,
    0xff, 0xf8, 0x0, 0x0, 0x3, 0xff, 0xff, 0x0,
    0x0, 0x0, 0x7f, 0xff, 0xe0, 0x0, 0x0, 0xf,
    0xff, 0xfc, 0x0, 0x0, 0x1, 0xff, 0xff, 0x80,
    0x0, 0x0, 0x3f, 0xff, 0xf0, 0x0, 0x0, 0x7,
    0xff, 0xfe, 0x0, 0x0, 0x0, 0xff, 0xff, 0xc0,
    0x0, 0x0, 0x1f, 0xff, 0xf8, 0x0, 0x0, 0x3,
    0xff, 0xff, 0x0, 0x0, 0x0, 0x7f, 0xff, 0xe0,
    0x0, 0x0, 0xf, 0xff, 0xfc, 0x0, 0x0, 0x1,
    0xff, 0xff, 0x80, 0x0, 0x0, 0x3f, 0xff, 0xf0,
    0x0, 0x0, 0x7, 0xff, 0xfe, 0x0, 0x0, 0x0,
    0xff, 0xff, 0xc0, 0x0, 0x0, 0x1f, 0xff, 0xf8,
    0x0, 0x0, 0x3, 0xff, 0xff, 0x0, 0x0, 0x0,
    0x7f, 0xff, 0xe0, 0x0, 0x0, 0xf, 0xff, 0xfc,
    0x0, 0x0, 0x1, 0xff, 0xff, 0xc0, 0x0, 0x0,
    0x7f, 0xff, 0xf8, 0x0, 0x0, 0xf, 0xf9, 0xff,
    0x0, 0x0, 0x1, 0xff, 0x3f, 0xf0, 0x0, 0x0,
    0x7f, 0xe7, 0xfe, 0x0, 0x0, 0xf, 0xfc, 0x7f,
    0xe0, 0x0, 0x3, 0xff, 0xf, 0xfe, 0x0, 0x0,
    0xff, 0xe1, 0xff, 0xe0, 0x0, 0x3f, 0xfc, 0x1f,
    0xff, 0x0, 0x1f, 0xff, 0x1, 0xff, 0xff, 0xff,
    0xff, 0xc0, 0x3f, 0xff, 0xff, 0xff, 0xf8, 0x3,
    0xff, 0xff, 0xff, 0xfe, 0x0, 0x3f, 0xff, 0xff,
    0xff, 0x80, 0x1, 0xff, 0xff, 0xff, 0xc0, 0x0,
    0x1f, 0xff, 0xff, 0xf0, 0x0, 0x0, 0xff, 0xff,
    0xf8, 0x0, 0x0, 0x3, 0xff, 0xf8, 0x0, 0x0,
    0x0, 0x1, 0xc0, 0x0, 0x0,

    /* U+0056 "V" */
    0xff, 0xc0, 0x0, 0x0, 0x0, 0x3f, 0xff, 0xf8,
    0x0, 0x0, 0x0, 0x7, 0xfd, 0xff, 0x80, 0x0,
    0x0, 0x1, 0xff, 0x3f, 0xf0, 0x0, 0x0, 0x0,
    0x3f, 0xe3, 0xfe, 0x0, 0x0, 0x0, 0xf, 0xf8,
    0x7f, 0xe0, 0x0, 0x0, 0x1, 0xff, 0xf, 0xfc,
    0x0, 0x0, 0x0, 0x7f, 0xe0, 0xff, 0xc0, 0x0,
    0x0, 0xf, 0xf8, 0x1f, 0xf8, 0x0, 0x0, 0x1,
    0xff, 0x1, 0xff, 0x80, 0x0, 0x0, 0x7f, 0xc0,
    0x3f, 0xf0, 0x0, 0x0, 0xf, 0xf8, 0x3, 0xfe,
    0x0, 0x0, 0x3, 0xfe, 0x0, 0x7f, 0xe0, 0x0,
    0x0, 0x7f, 0xc0, 0x7, 0xfc, 0x0, 0x0, 0x1f,
    0xf8, 0x0, 0xff, 0xc0, 0x0, 0x3, 0xfe, 0x0,
    0x1f, 0xf8, 0x0, 0x0, 0x7f, 0xc0, 0x1, 0xff,
    0x80, 0x0, 0x1f, 0xf0, 0x0, 0x3f, 0xf0, 0x0,
    0x3, 0xfe, 0x0, 0x3, 0xff, 0x0, 0x0, 0xff,
    0x80, 0x0, 0x7f, 0xe0, 0x0, 0x1f, 0xf0, 0x0,
    0x7, 0xfc, 0x0, 0x7, 0xfc, 0x0, 0x0, 0xff,
    0xc0, 0x0, 0xff, 0x80, 0x0, 0x1f, 0xf8, 0x0,
    0x3f, 0xf0, 0x0, 0x1, 0xff, 0x80, 0x7, 0xfc,
    0x0, 0x0, 0x3f, 0xf0, 0x0, 0xff, 0x80, 0x0,
    0x3, 0xff, 0x0, 0x3f, 0xe0, 0x0, 0x0, 0x7f,
    0xe0, 0x7, 0xfc, 0x0, 0x0, 0x7, 0xfc, 0x1,
    0xff, 0x0, 0x0, 0x0, 0xff, 0xc0, 0x3f, 0xe0,
    0x0, 0x0, 0xf, 0xf8, 0xf, 0xfc, 0x0, 0x0,
    0x1, 0xff, 0x81, 0xff, 0x0, 0x0, 0x0, 0x3f,
    0xf0, 0x3f, 0xe0, 0x0, 0x0, 0x3, 0xff, 0xf,
    0xf8, 0x0, 0x0, 0x0, 0x7f, 0xe1, 0xff, 0x0,
    0x0, 0x0, 0x7, 0xfc, 0x7f, 0xc0, 0x0, 0x0,
    0x0, 0xff, 0xcf, 0xf8, 0x0, 0x0, 0x0, 0xf,
    0xfb, 0xfe, 0x0, 0x0, 0x0, 0x1, 0xff, 0xff,
    0xc0, 0x0, 0x0, 0x0, 0x3f, 0xff, 0xf8, 0x0,
    0x0, 0x0, 0x3, 0xff, 0xfe, 0x0, 0x0, 0x0,
    0x0, 0x7f, 0xff, 0xc0, 0x0, 0x0, 0x0, 0x7,
    0xff, 0xf0, 0x0, 0x0, 0x0, 0x0, 0xff, 0xfe,
    0x0, 0x0, 0x0, 0x0, 0xf, 0xff, 0x80, 0x0,
    0x0, 0x0, 0x1, 0xff, 0xf0, 0x0, 0x0, 0x0,
    0x0, 0x1f, 0xfe, 0x0, 0x0, 0x0, 0x0, 0x3,
    0xff, 0x80, 0x0, 0x0, 0x0, 0x0, 0x7f, 0xf0,
    0x0, 0x0, 0x0, 0x0, 0x7, 0xfc, 0x0, 0x0,
    0x0,

    /* U+0057 "W" */
    0xff, 0xc0, 0x0, 0x0, 0x3f, 0xe0, 0x0, 0x0,
    0x1f, 0xff, 0xfc, 0x0, 0x0, 0x3, 0xfe, 0x0,
    0x0, 0x1, 0xff, 0x7f, 0xc0, 0x0, 0x0, 0x7f,
    0xe0, 0x0, 0x0, 0x1f, 0xe7, 0xfc, 0x0, 0x0,
    0x7, 0xff, 0x0, 0x0, 0x3, 0xfe, 0x7f, 0xe0,
    0x0, 0x0, 0x7f, 0xf0, 0x0, 0x0, 0x3f, 0xe3,
    0xfe, 0x0, 0x0, 0xf, 0xff, 0x0, 0x0, 0x3,
    0xfc, 0x3f, 0xe0, 0x0, 0x0, 0xff, 0xf8, 0x0,
    0x0, 0x7f, 0xc3, 0xff, 0x0, 0x0, 0xf, 0xff,
    0x80, 0x0, 0x7, 0xfc, 0x1f, 0xf0, 0x0, 0x1,
    0xff, 0xf8, 0x0, 0x0, 0x7f, 0x81, 0xff, 0x0,
    0x0, 0x1f, 0xff, 0xc0, 0x0, 0xf, 0xf8, 0x1f,
    0xf8, 0x0, 0x1, 0xff, 0xfc, 0x0, 0x0, 0xff,
    0x80, 0xff, 0x80, 0x0, 0x3f, 0xff, 0xc0, 0x0,
    0xf, 0xf0, 0xf, 0xf8, 0x0, 0x3, 0xff, 0xfe,
    0x0, 0x1, 0xff, 0x0, 0xff, 0xc0, 0x0, 0x3f,
    0xff, 0xe0, 0x0, 0x1f, 0xf0, 0x7, 0xfc, 0x0,
    0x7, 0xfd, 0xfe, 0x0, 0x1, 0xfe, 0x0, 0x7f,
    0xc0, 0x0, 0x7f, 0x9f, 0xf0, 0x0, 0x3f, 0xe0,
    0x7, 0xfe, 0x0, 0x7, 0xf9, 0xff, 0x0, 0x3,
    0xfe, 0x0, 0x3f, 0xe0, 0x0, 0xff, 0x8f, 0xf0,
    0x0, 0x3f, 0xc0, 0x3, 0xfe, 0x0, 0xf, 0xf0,
    0xff, 0x80, 0x7, 0xfc, 0x0, 0x3f, 0xf0, 0x0,
    0xff, 0xf, 0xf8, 0x0, 0x7f, 0xc0, 0x1, 0xff,
    0x0, 0x1f, 0xf0, 0x7f, 0x80, 0x7, 0xf8, 0x0,
    0x1f, 0xf0, 0x1, 0xfe, 0x7, 0xfc, 0x0, 0xff,
    0x80, 0x1, 0xff, 0x80, 0x1f, 0xe0, 0x7f, 0xc0,
    0xf, 0xf8, 0x0, 0xf, 0xf8, 0x3, 0xfe, 0x3,
    0xfc, 0x0, 0xff, 0x0, 0x0, 0xff, 0x80, 0x3f,
    0xc0, 0x3f, 0xe0, 0x1f, 0xf0, 0x0, 0xf, 0xfc,
    0x7, 0xfc, 0x3, 0xfe, 0x1, 0xff, 0x0, 0x0,
    0x7f, 0xc0, 0x7f, 0xc0, 0x1f, 0xe0, 0x1f, 0xe0,
    0x0, 0x7, 0xfc, 0x7, 0xf8, 0x1, 0xff, 0x3,
    0xfe, 0x0, 0x0, 0x7f, 0xe0, 0xff, 0x80, 0x1f,
    0xf0, 0x3f, 0xe0, 0x0, 0x3, 0xfe, 0xf, 0xf0,
    0x0, 0xff, 0x3, 0xfc, 0x0, 0x0, 0x3f, 0xe0,
    0xff, 0x0, 0xf, 0xf8, 0x7f, 0xc0, 0x0, 0x3,
    0xff, 0x1f, 0xf0, 0x0, 0xff, 0x87, 0xfc, 0x0,
    0x0, 0x1f, 0xf1, 0xfe, 0x0, 0x7, 0xf8, 0x7f,
    0x80, 0x0, 0x1, 0xff, 0x1f, 0xe0, 0x0, 0x7f,
    0xcf, 0xf8, 0x0, 0x0, 0x1f, 0xfb, 0xfe, 0x0,
    0x7, 0xfc, 0xff, 0x80, 0x0, 0x0, 0xff, 0xbf,
    0xc0, 0x0, 0x3f, 0xcf, 0xf0, 0x0, 0x0, 0xf,
    0xfb, 0xfc, 0x0, 0x3, 0xff, 0xff, 0x0, 0x0,
    0x0, 0xff, 0xff, 0xc0, 0x0, 0x3f, 0xff, 0xf0,
    0x0, 0x0, 0x7, 0xff, 0xf8, 0x0, 0x1, 0xff,
    0xfe, 0x0, 0x0, 0x0, 0x7f, 0xff, 0x80, 0x0,
    0x1f, 0xff, 0xe0, 0x0, 0x0, 0x7, 0xff, 0xf8,
    0x0, 0x1, 0xff, 0xfe, 0x0, 0x0, 0x0, 0x3f,
    0xff, 0x0, 0x0, 0xf, 0xff, 0xc0, 0x0, 0x0,
    0x3, 0xff, 0xf0, 0x0, 0x0, 0xff, 0xfc, 0x0,
    0x0, 0x0, 0x3f, 0xff, 0x0, 0x0, 0xf, 0xff,
    0xc0, 0x0, 0x0, 0x1, 0xff, 0xe0, 0x0, 0x0,
    0x7f, 0xf8, 0x0, 0x0, 0x0, 0x1f, 0xfe, 0x0,
    0x0, 0x7, 0xff, 0x80, 0x0, 0x0, 0x1, 0xff,
    0xe0, 0x0, 0x0, 0x7f, 0xf8, 0x0, 0x0, 0x0,
    0xf, 0xfc, 0x0, 0x0, 0x3, 0xff, 0x0, 0x0,
    0x0, 0x0, 0xff, 0xc0, 0x0, 0x0, 0x3f, 0xf0,
    0x0, 0x0,

    /* U+0058 "X" */
    0x7f, 0xe0, 0x0, 0x0, 0x1f, 0xf8, 0x7f, 0xe0,
    0x0, 0x0, 0x3f, 0xf0, 0xff, 0xe0, 0x0, 0x0,
    0xff, 0xc0, 0xff, 0xc0, 0x0, 0x3, 0xff, 0x0,
    0xff, 0xc0, 0x0, 0x7, 0xfc, 0x0, 0xff, 0xc0,
    0x0, 0x1f, 0xf8, 0x1, 0xff, 0xc0, 0x0, 0x7f,
    0xe0, 0x1, 0xff, 0x80, 0x1, 0xff, 0x80, 0x1,
    0xff, 0x80, 0x3, 0xff, 0x0, 0x3, 0xff, 0x80,
    0xf, 0xfc, 0x0, 0x3, 0xff, 0x0, 0x3f, 0xf0,
    0x0, 0x3, 0xff, 0x0, 0x7f, 0xc0, 0x0, 0x3,
    0xff, 0x1, 0xff, 0x80, 0x0, 0x7, 0xff, 0x7,
    0xfe, 0x0, 0x0, 0x7, 0xfe, 0xf, 0xf8, 0x0,
    0x0, 0x7, 0xfe, 0x3f, 0xe0, 0x0, 0x0, 0xf,
    0xfe, 0xff, 0xc0, 0x0, 0x0, 0xf, 0xff, 0xff,
    0x0, 0x0, 0x0, 0xf, 0xff, 0xfc, 0x0, 0x0,
    0x0, 0xf, 0xff, 0xf8, 0x0, 0x0, 0x0, 0x1f,
    0xff, 0xe0, 0x0, 0x0, 0x0, 0x1f, 0xff, 0x80,
    0x0, 0x0, 0x0, 0x1f, 0xfe, 0x0, 0x0, 0x0,
    0x0, 0x3f, 0xfc, 0x0, 0x0, 0x0, 0x0, 0x7f,
    0xf8, 0x0, 0x0, 0x0, 0x0, 0xff, 0xf8, 0x0,
    0x0, 0x0, 0x3, 0xff, 0xf8, 0x0, 0x0, 0x0,
    0xf, 0xff, 0xf0, 0x0, 0x0, 0x0, 0x1f, 0xff,
    0xf0, 0x0, 0x0, 0x0, 0x7f, 0xff, 0xf0, 0x0,
    0x0, 0x1, 0xff, 0xff, 0xf0, 0x0, 0x0, 0x7,
    0xfe, 0x7f, 0xe0, 0x0, 0x0, 0xf, 0xfc, 0x7f,
    0xe0, 0x0, 0x0, 0x3f, 0xf0, 0xff, 0xe0, 0x0,
    0x0, 0xff, 0xc0, 0xff, 0xc0, 0x0, 0x3, 0xff,
    0x80, 0xff, 0xc0, 0x0, 0x7, 0xfe, 0x0, 0xff,
    0xc0, 0x0, 0x1f, 0xf8, 0x1, 0xff, 0xc0, 0x0,
    0x7f, 0xe0, 0x1, 0xff, 0x80, 0x0, 0xff, 0xc0,
    0x1, 0xff, 0x80, 0x3, 0xff, 0x0, 0x3, 0xff,
    0x80, 0xf, 0xfc, 0x0, 0x3, 0xff, 0x80, 0x3f,
    0xf8, 0x0, 0x3, 0xff, 0x0, 0x7f, 0xe0, 0x0,
    0x3, 0xff, 0x1, 0xff, 0x80, 0x0, 0x7, 0xff,
    0x7, 0xfe, 0x0, 0x0, 0x7, 0xfe, 0x1f, 0xfc,
    0x0, 0x0, 0x7, 0xfe, 0x3f, 0xf0, 0x0, 0x0,
    0xf, 0xfe, 0xff, 0xc0, 0x0, 0x0, 0xf, 0xfe,

    /* U+0059 "Y" */
    0xff, 0xc0, 0x0, 0x0, 0x3, 0xfe, 0xff, 0x80,
    0x0, 0x0, 0xf, 0xf9, 0xff, 0x80, 0x0, 0x0,
    0x1f, 0xf1, 0xff, 0x80, 0x0, 0x0, 0x7f, 0xc3,
    0xff, 0x0, 0x0, 0x1, 0xff, 0x3, 0xff, 0x0,
    0x0, 0x3, 0xfe, 0x3, 0xfe, 0x0, 0x0, 0xf,
    0xf8, 0x7, 0xfe, 0x0, 0x0, 0x1f, 0xf0, 0x7,
    0xfe, 0x0, 0x0, 0x7f, 0xc0, 0xf, 0xfc, 0x0,
    0x1, 0xff, 0x0, 0xf, 0xfc, 0x0, 0x3, 0xfe,
    0x0, 0xf, 0xf8, 0x0, 0xf, 0xf8, 0x0, 0x1f,
    0xf8, 0x0, 0x1f, 0xf0, 0x0, 0x1f, 0xf8, 0x0,
    0x7f, 0xc0, 0x0, 0x1f, 0xf0, 0x1, 0xff, 0x0,
    0x0, 0x3f, 0xf0, 0x3, 0xfe, 0x0, 0x0, 0x3f,
    0xe0, 0xf, 0xf8, 0x0, 0x0, 0x7f, 0xe0, 0x1f,
    0xf0, 0x0, 0x0, 0x7f, 0xe0, 0x7f, 0xc0, 0x0,
    0x0, 0x7f, 0xc1, 0xff, 0x0, 0x0, 0x0, 0xff,
    0xc3, 0xfe, 0x0, 0x0, 0x0, 0xff, 0x8f, 0xf8,
    0x0, 0x0, 0x1, 0xff, 0x9f, 0xf0, 0x0, 0x0,
    0x1, 0xff, 0xff, 0xc0, 0x0, 0x0, 0x1, 0xff,
    0xff, 0x0, 0x0, 0x0, 0x3, 0xff, 0xfe, 0x0,
    0x0, 0x0, 0x3, 0xff, 0xf8, 0x0, 0x0, 0x0,
    0x7, 0xff, 0xf0, 0x0, 0x0, 0x0, 0x7, 0xff,
    0xc0, 0x0, 0x0, 0x0, 0x7, 0xff, 0x0, 0x0,
    0x0, 0x0, 0xf, 0xfe, 0x0, 0x0, 0x0, 0x0,
    0xf, 0xf8, 0x0, 0x0, 0x0, 0x0, 0x1f, 0xf0,
    0x0, 0x0, 0x0, 0x0, 0x3f, 0xe0, 0x0, 0x0,
    0x0, 0x0, 0x7f, 0xc0, 0x0, 0x0, 0x0, 0x0,
    0xff, 0x80, 0x0, 0x0, 0x0, 0x1, 0xff, 0x0,
    0x0, 0x0, 0x0, 0x3, 0xfe, 0x0, 0x0, 0x0,
    0x0, 0x7, 0xfc, 0x0, 0x0, 0x0, 0x0, 0xf,
    0xf8, 0x0, 0x0, 0x0, 0x0, 0x1f, 0xf0, 0x0,
    0x0, 0x0, 0x0, 0x3f, 0xe0, 0x0, 0x0, 0x0,
    0x0, 0x7f, 0xc0, 0x0, 0x0, 0x0, 0x0, 0xff,
    0x80, 0x0, 0x0, 0x0, 0x1, 0xff, 0x0, 0x0,
    0x0, 0x0, 0x3, 0xfe, 0x0, 0x0, 0x0, 0x0,
    0x7, 0xfc, 0x0, 0x0, 0x0, 0x0, 0xf, 0xf8,
    0x0, 0x0, 0x0, 0x0, 0x1f, 0xf0, 0x0, 0x0,

    /* U+005A "Z" */
    0x7f, 0xff, 0xff, 0xff, 0xff, 0x9f, 0xff, 0xff,
    0xff, 0xff, 0xe7, 0xff, 0xff, 0xff, 0xff, 0xf9,
    0xff, 0xff, 0xff, 0xff, 0xfe, 0x7f, 0xff, 0xff,
    0xff, 0xff, 0x9f, 0xff, 0xff, 0xff, 0xff, 0xe7,
    0xff, 0xff, 0xff, 0xff, 0xf9, 0xff, 0xff, 0xff,
    0xff, 0xfc, 0x0, 0x0, 0x0, 0x7, 0xfe, 0x0,
    0x0, 0x0, 0x3, 0xff, 0x0, 0x0, 0x0, 0x1,
    0xff, 0xc0, 0x0, 0x0, 0x0, 0xff, 0xe0, 0x0,
    0x0, 0x0, 0x7f, 0xf0, 0x0, 0x0, 0x0, 0x1f,
    0xf8, 0x0, 0x0, 0x0, 0xf, 0xfc, 0x0, 0x0,
    0x0, 0x7, 0xff, 0x0, 0x0, 0x0, 0x3, 0xff,
    0x80, 0x0, 0x0, 0x1, 0xff, 0xc0, 0x0, 0x0,
    0x0, 0xff, 0xe0, 0x0, 0x0, 0x0, 0x3f, 0xf0,
    0x0, 0x0, 0x0, 0x1f, 0xfc, 0x0, 0x0, 0x0,
    0xf, 0xfe, 0x0, 0x0, 0x0, 0x7, 0xff, 0x0,
    0x0, 0x0, 0x3, 0xff, 0x80, 0x0, 0x0, 0x0,
    0xff, 0xc0, 0x0, 0x0, 0x0, 0x7f, 0xf0, 0x0,
    0x0, 0x0, 0x3f, 0xf8, 0x0, 0x0, 0x0, 0x1f,
    0xfc, 0x0, 0x0, 0x0, 0xf, 0xfe, 0x0, 0x0,
    0x0, 0x7, 0xff, 0x0, 0x0, 0x0, 0x1, 0xff,
    0xc0, 0x0, 0x0, 0x0, 0xff, 0xe0, 0x0, 0x0,
    0x0, 0x7f, 0xf0, 0x0, 0x0, 0x0, 0x3f, 0xf8,
    0x0, 0x0, 0x0, 0x1f, 0xfc, 0x0, 0x0, 0x0,
    0x7, 0xff, 0x0, 0x0, 0x0, 0x3, 0xff, 0x80,
    0x0, 0x0, 0x1, 0xff, 0xc0, 0x0, 0x0, 0x0,
    0xff, 0xe0, 0x0, 0x0, 0x0, 0x7f, 0xf0, 0x0,
    0x0, 0x0, 0x3f, 0xfc, 0x0, 0x0, 0x0, 0xf,
    0xfe, 0x0, 0x0, 0x0, 0x7, 0xff, 0xff, 0xff,
    0xff, 0xff, 0xff, 0xff, 0xff, 0xff, 0xff, 0xff,
    0xff, 0xff, 0xff, 0xff, 0xff, 0xff, 0xff, 0xff,
    0xff, 0xff, 0xff, 0xff, 0xff, 0xff, 0xff, 0xff,
    0xff, 0xff, 0xff, 0xff, 0xff, 0xff, 0xff, 0xff,
    0xff, 0xc0,

    /* U+005B "[" */
    0xff, 0xff, 0xff, 0xff, 0xff, 0xff, 0xff, 0xff,
    0xff, 0xff, 0xff, 0xff, 0xff, 0xff, 0xff, 0xff,
    0x0, 0xff, 0x80, 0x7f, 0xc0, 0x3f, 0xe0, 0x1f,
    0xf0, 0xf, 0xf8, 0x7, 0xfc, 0x3, 0xfe, 0x1,
    0xff, 0x0, 0xff, 0x80, 0x7f, 0xc0, 0x3f, 0xe0,
    0x1f, 0xf0, 0xf, 0xf8, 0x7, 0xfc, 0x3, 0xfe,
    0x1, 0xff, 0x0, 0xff, 0x80, 0x7f, 0xc0, 0x3f,
    0xe0, 0x1f, 0xf0, 0xf, 0xf8, 0x7, 0xfc, 0x3,
    0xfe, 0x1, 0xff, 0x0, 0xff, 0x80, 0x7f, 0xc0,
    0x3f, 0xe0, 0x1f, 0xf0, 0xf, 0xf8, 0x7, 0xfc,
    0x3, 0xfe, 0x1, 0xff, 0x0, 0xff, 0x80, 0x7f,
    0xc0, 0x3f, 0xe0, 0x1f, 0xf0, 0xf, 0xf8, 0x7,
    0xfc, 0x3, 0xfe, 0x1, 0xff, 0x0, 0xff, 0x80,
    0x7f, 0xc0, 0x3f, 0xe0, 0x1f, 0xf0, 0xf, 0xf8,
    0x7, 0xfc, 0x3, 0xfe, 0x1, 0xff, 0x0, 0xff,
    0x80, 0x7f, 0xc0, 0x3f, 0xe0, 0x1f, 0xff, 0xff,
    0xff, 0xff, 0xff, 0xff, 0xff, 0xff, 0xff, 0xff,
    0xff, 0xff, 0xff, 0xff, 0xc0,

    /* U+005C "\\" */
    0xff, 0x0, 0x0, 0x0, 0xfe, 0x0, 0x0, 0x1,
    0xfe, 0x0, 0x0, 0x3, 0xfc, 0x0, 0x0, 0x3,
    0xf8, 0x0, 0x0, 0x7, 0xf8, 0x0, 0x0, 0xf,
    0xf0, 0x0, 0x0, 0xf, 0xe0, 0x0, 0x0, 0x1f,
    0xe0, 0x0, 0x0, 0x3f, 0xc0, 0x0, 0x0, 0x3f,
    0xc0, 0x0, 0x0, 0x7f, 0x80, 0x0, 0x0, 0xff,
    0x0, 0x0, 0x0, 0xff, 0x0, 0x0, 0x1, 0xfe,
    0x0, 0x0, 0x3, 0xfc, 0x0, 0x0, 0x3, 0xfc,
    0x0, 0x0, 0x7, 0xf8, 0x0, 0x0, 0xf, 0xf0,
    0x0, 0x0, 0xf, 0xf0, 0x0, 0x0, 0x1f, 0xe0,
    0x0, 0x0, 0x3f, 0xc0, 0x0, 0x0, 0x3f, 0xc0,
    0x0, 0x0, 0x7f, 0x80, 0x0, 0x0, 0x7f, 0x0,
    0x0, 0x0, 0xff, 0x0, 0x0, 0x1, 0xfe, 0x0,
    0x0, 0x1, 0xfc, 0x0, 0x0, 0x3, 0xfc, 0x0,
    0x0, 0x7, 0xf8, 0x0, 0x0, 0x7, 0xf0, 0x0,
    0x0, 0xf, 0xf0, 0x0, 0x0, 0x1f, 0xe0, 0x0,
    0x0, 0x1f, 0xe0, 0x0, 0x0, 0x3f, 0xc0, 0x0,
    0x0, 0x7f, 0x80, 0x0, 0x0, 0x7f, 0x80, 0x0,
    0x0, 0xff, 0x0, 0x0, 0x1, 0xfe, 0x0, 0x0,
    0x1, 0xfe, 0x0, 0x0, 0x3, 0xfc, 0x0, 0x0,
    0x7, 0xf8, 0x0, 0x0, 0x7, 0xf8, 0x0, 0x0,
    0xf, 0xf0, 0x0, 0x0, 0x1f, 0xe0, 0x0, 0x0,
    0x1f, 0xe0, 0x0, 0x0, 0x3f, 0xc0, 0x0, 0x0,
    0x3f, 0x80, 0x0, 0x0, 0x7f, 0x80, 0x0, 0x0,
    0xff, 0x0, 0x0, 0x0, 0xfe, 0x0, 0x0, 0x1,
    0xfe, 0x0, 0x0, 0x3, 0xfc, 0x0, 0x0, 0x3,
    0xf8, 0x0, 0x0, 0x7, 0xf8, 0x0, 0x0, 0xf,
    0xf0, 0x0, 0x0, 0xf, 0xe0, 0x0, 0x0, 0x1f,
    0xe0, 0x0, 0x0, 0x3f, 0xc0, 0x0, 0x0, 0x3f,
    0xc0, 0x0, 0x0, 0x7f, 0x80, 0x0, 0x0, 0xff,
    0x0, 0x0, 0x0, 0xff, 0x0, 0x0, 0x1, 0xfe,
    0x0, 0x0, 0x3, 0xfc, 0x0, 0x0, 0x3, 0xfc,
    0x0, 0x0, 0x7, 0xf8,

    /* U+005D "]" */
    0xff, 0xff, 0xff, 0xff, 0xff, 0xff, 0xff, 0xff,
    0xff, 0xff, 0xff, 0xff, 0xff, 0xff, 0xfe, 0x1,
    0xff, 0x0, 0xff, 0x80, 0x7f, 0xc0, 0x3f, 0xe0,
    0x1f, 0xf0, 0xf, 0xf8, 0x7, 0xfc, 0x3, 0xfe,
    0x1, 0xff, 0x0, 0xff, 0x80, 0x7f, 0xc0, 0x3f,
    0xe0, 0x1f, 0xf0, 0xf, 0xf8, 0x7, 0xfc, 0x3,
    0xfe, 0x1, 0xff, 0x0, 0xff, 0x80, 0x7f, 0xc0,
    0x3f, 0xe0, 0x1f, 0xf0, 0xf, 0xf8, 0x7, 0xfc,
    0x3, 0xfe, 0x1, 0xff, 0x0, 0xff, 0x80, 0x7f,
    0xc0, 0x3f, 0xe0, 0x1f, 0xf0, 0xf, 0xf8, 0x7,
    0xfc, 0x3, 0xfe, 0x1, 0xff, 0x0, 0xff, 0x80,
    0x7f, 0xc0, 0x3f, 0xe0, 0x1f, 0xf0, 0xf, 0xf8,
    0x7, 0xfc, 0x3, 0xfe, 0x1, 0xff, 0x0, 0xff,
    0x80, 0x7f, 0xc0, 0x3f, 0xe0, 0x1f, 0xf0, 0xf,
    0xf8, 0x7, 0xfc, 0x3, 0xfe, 0x1, 0xff, 0x0,
    0xff, 0x80, 0x7f, 0xc0, 0x3f, 0xff, 0xff, 0xff,
    0xff, 0xff, 0xff, 0xff, 0xff, 0xff, 0xff, 0xff,
    0xff, 0xff, 0xff, 0xff, 0xc0,

    /* U+005E "^" */
    0x0, 0xf, 0xe0, 0x0, 0x0, 0xf, 0xf0, 0x0,
    0x0, 0x1f, 0xf0, 0x0, 0x0, 0x1f, 0xf8, 0x0,
    0x0, 0x3f, 0xf8, 0x0, 0x0, 0x3f, 0xf8, 0x0,
    0x0, 0x3f, 0xfc, 0x0, 0x0, 0x7f, 0xfc, 0x0,
    0x0, 0x7e, 0xfe, 0x0, 0x0, 0xfe, 0x7e, 0x0,
    0x0, 0xfe, 0x7f, 0x0, 0x1, 0xfc, 0x7f, 0x0,
    0x1, 0xfc, 0x3f, 0x0, 0x1, 0xf8, 0x3f, 0x80,
    0x3, 0xf8, 0x1f, 0x80, 0x3, 0xf0, 0x1f, 0xc0,
    0x7, 0xf0, 0x1f, 0xc0, 0x7, 0xf0, 0xf, 0xc0,
    0x7, 0xe0, 0xf, 0xe0, 0xf, 0xe0, 0x7, 0xe0,
    0xf, 0xc0, 0x7, 0xf0, 0x1f, 0xc0, 0x7, 0xf0,
    0x1f, 0xc0, 0x3, 0xf8, 0x3f, 0x80, 0x3, 0xf8,
    0x3f, 0x80, 0x1, 0xf8, 0x3f, 0x0, 0x1, 0xfc,
    0x7f, 0x0, 0x1, 0xfc, 0x7f, 0x0, 0x0, 0xfe,
    0xfe, 0x0, 0x0, 0xfe, 0xfe, 0x0, 0x0, 0x7f,

    /* U+005F "_" */
    0xff, 0xff, 0xff, 0xff, 0xff, 0xff, 0xff, 0xff,
    0xff, 0xff, 0xff, 0xff, 0xff, 0xff, 0xff, 0xff,
    0xff, 0xff, 0xff, 0xff, 0xff, 0xfe,

    /* U+0060 "`" */
    0xff, 0xc0, 0x7, 0xfe, 0x0, 0x1f, 0xf0, 0x0,
    0xff, 0x80, 0x7, 0xfc, 0x0, 0x1f, 0xe0, 0x0,
    0xff, 0x0, 0x7, 0xf8, 0x0, 0x3f, 0xc0, 0x0,
    0xfe,

    /* U+0061 "a" */
    0x0, 0x1f, 0xfc, 0x0, 0x0, 0x7f, 0xff, 0xf0,
    0x0, 0xff, 0xff, 0xff, 0x0, 0x7f, 0xff, 0xff,
    0xe0, 0x7f, 0xff, 0xff, 0xfc, 0xf, 0xff, 0xff,
    0xff, 0x83, 0xff, 0xff, 0xff, 0xf0, 0x7f, 0xc0,
    0x7f, 0xfc, 0x1f, 0x80, 0x3, 0xff, 0x83, 0x80,
    0x0, 0x7f, 0xe0, 0x0, 0x0, 0xf, 0xf8, 0x0,
    0x0, 0x3, 0xff, 0x0, 0x0, 0x0, 0xff, 0xc0,
    0x0, 0x0, 0x1f, 0xf0, 0x0, 0x0, 0x7, 0xfc,
    0x0, 0x0, 0x1, 0xff, 0x0, 0x3f, 0xff, 0xff,
    0xc0, 0xff, 0xff, 0xff, 0xf0, 0xff, 0xff, 0xff,
    0xfc, 0x7f, 0xff, 0xff, 0xff, 0x3f, 0xff, 0xff,
    0xff, 0xdf, 0xff, 0xff, 0xff, 0xf7, 0xff, 0x0,
    0x7, 0xfd, 0xff, 0x0, 0x1, 0xff, 0xff, 0xc0,
    0x0, 0x7f, 0xff, 0xe0, 0x0, 0x1f, 0xff, 0xf8,
    0x0, 0x7, 0xff, 0xfe, 0x0, 0x3, 0xff, 0xff,
    0x80, 0x1, 0xff, 0xff, 0xf0, 0x0, 0xff, 0xff,
    0xfe, 0x0, 0x7f, 0xfd, 0xff, 0xff, 0xff, 0xff,
    0x7f, 0xff, 0xff, 0xff, 0xcf, 0xff, 0xff, 0xff,
    0xf1, 0xff, 0xff, 0xf7, 0xfc, 0x3f, 0xff, 0xf9,
    0xff, 0x7, 0xff, 0xfc, 0x7f, 0xc0, 0x7f, 0xfc,
    0x1f, 0xf0, 0x0, 0x40, 0x0, 0x0,

    /* U+0062 "b" */
    0xff, 0x80, 0x0, 0x0, 0x0, 0xff, 0x80, 0x0,
    0x0, 0x0, 0xff, 0x80, 0x0, 0x0, 0x0, 0xff,
    0x80, 0x0, 0x0, 0x0, 0xff, 0x80, 0x0, 0x0,
    0x0, 0xff, 0x80, 0x0, 0x0, 0x0, 0xff, 0x80,
    0x0, 0x0, 0x0, 0xff, 0x80, 0x0, 0x0, 0x0,
    0xff, 0x80, 0x0, 0x0, 0x0, 0xff, 0x80, 0x0,
    0x0, 0x0, 0xff, 0x80, 0x0, 0x0, 0x0, 0xff,
    0x80, 0x0, 0x0, 0x0, 0xff, 0x80, 0x0, 0x0,
    0x0, 0xff, 0x80, 0x0, 0x0, 0x0, 0xff, 0x80,
    0x7f, 0xc0, 0x0, 0xff, 0x83, 0xff, 0xf8, 0x0,
    0xff, 0x8f, 0xff, 0xfe, 0x0, 0xff, 0xbf, 0xff,
    0xff, 0x80, 0xff, 0xff, 0xff, 0xff, 0xc0, 0xff,
    0xff, 0xff, 0xff, 0xe0, 0xff, 0xff, 0xff, 0xff,
    0xf0, 0xff, 0xff, 0x81, 0xff, 0xf0, 0xff, 0xfc,
    0x0, 0x3f, 0xf8, 0xff, 0xf8, 0x0, 0x1f, 0xfc,
    0xff, 0xf0, 0x0, 0xf, 0xfc, 0xff, 0xe0, 0x0,
    0x7, 0xfe, 0xff, 0xe0, 0x0, 0x7, 0xfe, 0xff,
    0xc0, 0x0, 0x3, 0xfe, 0xff, 0xc0, 0x0, 0x3,
    0xff, 0xff, 0x80, 0x0, 0x1, 0xff, 0xff, 0x80,
    0x0, 0x1, 0xff, 0xff, 0x80, 0x0, 0x1, 0xff,
    0xff, 0x80, 0x0, 0x1, 0xff, 0xff, 0x80, 0x0,
    0x1, 0xff, 0xff, 0x80, 0x0, 0x1, 0xff, 0xff,
    0x80, 0x0, 0x1, 0xff, 0xff, 0x80, 0x0, 0x1,
    0xff, 0xff, 0xc0, 0x0, 0x3, 0xff, 0xff, 0xc0,
    0x0, 0x3, 0xfe, 0xff, 0xc0, 0x0, 0x3, 0xfe,
    0xff, 0xe0, 0x0, 0x7, 0xfe, 0xff, 0xf0, 0x0,
    0xf, 0xfc, 0xff, 0xf8, 0x0, 0xf, 0xfc, 0xff,
    0xfc, 0x0, 0x3f, 0xf8, 0xff, 0xfe, 0x0, 0x7f,
    0xf8, 0xff, 0xff, 0xff, 0xff, 0xf0, 0xff, 0xff,
    0xff, 0xff, 0xe0, 0xff, 0xff, 0xff, 0xff, 0xc0,
    0xff, 0xff, 0xff, 0xff, 0x80, 0xff, 0x9f, 0xff,
    0xff, 0x0, 0xff, 0x8f, 0xff, 0xfc, 0x0, 0xff,
    0x81, 0xff, 0xf0, 0x0, 0x0, 0x0, 0xc, 0x0,
    0x0,

    /* U+0063 "c" */
    0x0, 0x1, 0xff, 0x80, 0x0, 0x0, 0xff, 0xff,
    0x80, 0x0, 0x3f, 0xff, 0xfe, 0x0, 0xf, 0xff,
    0xff, 0xf0, 0x1, 0xff, 0xff, 0xff, 0x80, 0x3f,
    0xff, 0xff, 0xfc, 0x7, 0xff, 0xff, 0xff, 0xe0,
    0xff, 0xf8, 0xf, 0xff, 0x1f, 0xfe, 0x0, 0x3f,
    0xf3, 0xff, 0x80, 0x1, 0xfc, 0x3f, 0xf0, 0x0,
    0xf, 0x87, 0xfe, 0x0, 0x0, 0x60, 0x7f, 0xe0,
    0x0, 0x0, 0x7, 0xfc, 0x0, 0x0, 0x0, 0xff,
    0xc0, 0x0, 0x0, 0xf, 0xf8, 0x0, 0x0, 0x0,
    0xff, 0x80, 0x0, 0x0, 0xf, 0xf8, 0x0, 0x0,
    0x0, 0xff, 0x80, 0x0, 0x0, 0xf, 0xf8, 0x0,
    0x0, 0x0, 0xff, 0x80, 0x0, 0x0, 0xf, 0xf8,
    0x0, 0x0, 0x0, 0xff, 0x80, 0x0, 0x0, 0xf,
    0xfc, 0x0, 0x0, 0x0, 0x7f, 0xc0, 0x0, 0x0,
    0x7, 0xfc, 0x0, 0x0, 0x0, 0x7f, 0xe0, 0x0,
    0x4, 0x3, 0xff, 0x0, 0x0, 0x70, 0x3f, 0xf8,
    0x0, 0xf, 0xc1, 0xff, 0xc0, 0x1, 0xfe, 0x1f,
    0xfe, 0x0, 0x7f, 0xf0, 0xff, 0xff, 0xff, 0xff,
    0x7, 0xff, 0xff, 0xff, 0xe0, 0x3f, 0xff, 0xff,
    0xfc, 0x1, 0xff, 0xff, 0xff, 0x80, 0x7, 0xff,
    0xff, 0xe0, 0x0, 0x1f, 0xff, 0xfc, 0x0, 0x0,
    0x7f, 0xfe, 0x0, 0x0, 0x0, 0x18, 0x0, 0x0,

    /* U+0064 "d" */
    0x0, 0x0, 0x0, 0x1, 0xff, 0x0, 0x0, 0x0,
    0x1, 0xff, 0x0, 0x0, 0x0, 0x1, 0xff, 0x0,
    0x0, 0x0, 0x1, 0xff, 0x0, 0x0, 0x0, 0x1,
    0xff, 0x0, 0x0, 0x0, 0x1, 0xff, 0x0, 0x0,
    0x0, 0x1, 0xff, 0x0, 0x0, 0x0, 0x1, 0xff,
    0x0, 0x0, 0x0, 0x1, 0xff, 0x0, 0x0, 0x0,
    0x1, 0xff, 0x0, 0x0, 0x0, 0x1, 0xff, 0x0,
    0x0, 0x0, 0x1, 0xff, 0x0, 0x0, 0x0, 0x1,
    0xff, 0x0, 0x0, 0x0, 0x1, 0xff, 0x0, 0x3,
    0xff, 0x1, 0xff, 0x0, 0x1f, 0xff, 0xe1, 0xff,
    0x0, 0x7f, 0xff, 0xf1, 0xff, 0x1, 0xff, 0xff,
    0xfd, 0xff, 0x3, 0xff, 0xff, 0xff, 0xff, 0x7,
    0xff, 0xff, 0xff, 0xff, 0xf, 0xff, 0xff, 0xff,
    0xff, 0x1f, 0xff, 0x81, 0xff, 0xff, 0x1f, 0xfc,
    0x0, 0x3f, 0xff, 0x3f, 0xf8, 0x0, 0x1f, 0xff,
    0x3f, 0xf0, 0x0, 0xf, 0xff, 0x7f, 0xe0, 0x0,
    0x7, 0xff, 0x7f, 0xe0, 0x0, 0x7, 0xff, 0x7f,
    0xc0, 0x0, 0x3, 0xff, 0xff, 0xc0, 0x0, 0x3,
    0xff, 0xff, 0x80, 0x0, 0x1, 0xff, 0xff, 0x80,
    0x0, 0x1, 0xff, 0xff, 0x80, 0x0, 0x1, 0xff,
    0xff, 0x80, 0x0, 0x1, 0xff, 0xff, 0x80, 0x0,
    0x1, 0xff, 0xff, 0x80, 0x0, 0x1, 0xff, 0xff,
    0x80, 0x0, 0x1, 0xff, 0xff, 0x80, 0x0, 0x1,
    0xff, 0xff, 0xc0, 0x0, 0x3, 0xff, 0x7f, 0xc0,
    0x0, 0x3, 0xff, 0x7f, 0xc0, 0x0, 0x3, 0xff,
    0x7f, 0xe0, 0x0, 0x7, 0xff, 0x3f, 0xf0, 0x0,
    0xf, 0xff, 0x3f, 0xf0, 0x0, 0xf, 0xff, 0x1f,
    0xfc, 0x0, 0x3f, 0xff, 0x1f, 0xfe, 0x0, 0x7f,
    0xff, 0xf, 0xff, 0xff, 0xff, 0xff, 0x7, 0xff,
    0xff, 0xff, 0xff, 0x3, 0xff, 0xff, 0xff, 0xff,
    0x1, 0xff, 0xff, 0xfd, 0xff, 0x0, 0xff, 0xff,
    0xf9, 0xff, 0x0, 0x3f, 0xff, 0xf1, 0xff, 0x0,
    0xf, 0xff, 0x81, 0xff, 0x0, 0x0, 0x20, 0x0,
    0x0,

    /* U+0065 "e" */
    0x0, 0x1, 0xff, 0x0, 0x0, 0x0, 0x7f, 0xff,
    0x80, 0x0, 0x7, 0xff, 0xff, 0x80, 0x0, 0x3f,
    0xff, 0xff, 0x80, 0x3, 0xff, 0xff, 0xff, 0x0,
    0x1f, 0xff, 0xff, 0xfe, 0x0, 0xff, 0xff, 0xff,
    0xfc, 0x3, 0xff, 0xc0, 0x7f, 0xf0, 0x1f, 0xfc,
    0x0, 0x7f, 0xe0, 0xff, 0xc0, 0x0, 0xff, 0xc3,
    0xfe, 0x0, 0x1, 0xff, 0x1f, 0xf0, 0x0, 0x3,
    0xfe, 0x7f, 0xc0, 0x0, 0x7, 0xf9, 0xfe, 0x0,
    0x0, 0x1f, 0xef, 0xf8, 0x0, 0x0, 0x7f, 0xbf,
    0xe0, 0x0, 0x0, 0xff, 0xff, 0xff, 0xff, 0xff,
    0xff, 0xff, 0xff, 0xff, 0xff, 0xff, 0xff, 0xff,
    0xff, 0xff, 0xff, 0xff, 0xff, 0xff, 0xff, 0xff,
    0xff, 0xff, 0xff, 0xff, 0xff, 0xff, 0xff, 0xff,
    0xff, 0xf8, 0x0, 0x0, 0x0, 0x3f, 0xe0, 0x0,
    0x0, 0x0, 0x7f, 0x80, 0x0, 0x0, 0x1, 0xff,
    0x0, 0x0, 0x0, 0x7, 0xfc, 0x0, 0x0, 0x0,
    0xf, 0xf8, 0x0, 0x0, 0x0, 0x3f, 0xf0, 0x0,
    0x7, 0x0, 0x7f, 0xe0, 0x0, 0x3e, 0x1, 0xff,
    0xe0, 0x3, 0xfc, 0x3, 0xff, 0xff, 0xff, 0xf0,
    0x7, 0xff, 0xff, 0xff, 0xe0, 0xf, 0xff, 0xff,
    0xff, 0x80, 0x1f, 0xff, 0xff, 0xfc, 0x0, 0x1f,
    0xff, 0xff, 0xc0, 0x0, 0x1f, 0xff, 0xfe, 0x0,
    0x0, 0x1f, 0xff, 0xc0, 0x0, 0x0, 0x1, 0x80,
    0x0, 0x0,

    /* U+0066 "f" */
    0x0, 0x1, 0xff, 0x0, 0x0, 0xff, 0xfe, 0x0,
    0x1f, 0xff, 0xe0, 0x7, 0xff, 0xfe, 0x0, 0x7f,
    0xff, 0xe0, 0xf, 0xff, 0xfc, 0x1, 0xff, 0xff,
    0xc0, 0x1f, 0xfc, 0x18, 0x1, 0xff, 0x0, 0x0,
    0x3f, 0xf0, 0x0, 0x3, 0xfe, 0x0, 0x0, 0x3f,
    0xe0, 0x0, 0x3, 0xfe, 0x0, 0x0, 0x3f, 0xe0,
    0x0, 0x3, 0xfe, 0x0, 0xf, 0xff, 0xff, 0xf8,
    0xff, 0xff, 0xff, 0x8f, 0xff, 0xff, 0xf8, 0xff,
    0xff, 0xff, 0x8f, 0xff, 0xff, 0xf8, 0xff, 0xff,
    0xff, 0x8f, 0xff, 0xff, 0xf8, 0x3, 0xfe, 0x0,
    0x0, 0x3f, 0xe0, 0x0, 0x3, 0xfe, 0x0, 0x0,
    0x3f, 0xe0, 0x0, 0x3, 0xfe, 0x0, 0x0, 0x3f,
    0xe0, 0x0, 0x3, 0xfe, 0x0, 0x0, 0x3f, 0xe0,
    0x0, 0x3, 0xfe, 0x0, 0x0, 0x3f, 0xe0, 0x0,
    0x3, 0xfe, 0x0, 0x0, 0x3f, 0xe0, 0x0, 0x3,
    0xfe, 0x0, 0x0, 0x3f, 0xe0, 0x0, 0x3, 0xfe,
    0x0, 0x0, 0x3f, 0xe0, 0x0, 0x3, 0xfe, 0x0,
    0x0, 0x3f, 0xe0, 0x0, 0x3, 0xfe, 0x0, 0x0,
    0x3f, 0xe0, 0x0, 0x3, 0xfe, 0x0, 0x0, 0x3f,
    0xe0, 0x0, 0x3, 0xfe, 0x0, 0x0, 0x3f, 0xe0,
    0x0, 0x3, 0xfe, 0x0, 0x0, 0x3f, 0xe0, 0x0,
    0x3, 0xfe, 0x0, 0x0, 0x3f, 0xe0, 0x0, 0x3,
    0xfe, 0x0, 0x0, 0x3f, 0xe0, 0x0, 0x3, 0xfe,
    0x0, 0x0,

    /* U+0067 "g" */
    0x0, 0x3, 0xfe, 0x1, 0xff, 0x0, 0x1f, 0xff,
    0xe1, 0xff, 0x0, 0x7f, 0xff, 0xf9, 0xff, 0x1,
    0xff, 0xff, 0xfd, 0xff, 0x3, 0xff, 0xff, 0xff,
    0xff, 0x7, 0xff, 0xff, 0xff, 0xff, 0xf, 0xff,
    0xff, 0xff, 0xff, 0x1f, 0xff, 0x0, 0xff, 0xff,
    0x3f, 0xfc, 0x0, 0x3f, 0xff, 0x3f, 0xf8, 0x0,
    0x1f, 0xff, 0x7f, 0xf0, 0x0, 0xf, 0xff, 0x7f,
    0xe0, 0x0, 0x7, 0xff, 0x7f, 0xc0, 0x0, 0x3,
    0xff, 0xff, 0xc0, 0x0, 0x3, 0xff, 0xff, 0x80,
    0x0, 0x1, 0xff, 0xff, 0x80, 0x0, 0x1, 0xff,
    0xff, 0x80, 0x0, 0x1, 0xff, 0xff, 0x80, 0x0,
    0x1, 0xff, 0xff, 0x80, 0x0, 0x1, 0xff, 0xff,
    0x80, 0x0, 0x1, 0xff, 0xff, 0x80, 0x0, 0x1,
    0xff, 0xff, 0x80, 0x0, 0x3, 0xff, 0xff, 0xc0,
    0x0, 0x3, 0xff, 0x7f, 0xc0, 0x0, 0x3, 0xff,
    0x7f, 0xe0, 0x0, 0x7, 0xff, 0x7f, 0xf0, 0x0,
    0xf, 0xff, 0x3f, 0xf8, 0x0, 0x1f, 0xff, 0x1f,
    0xfc, 0x0, 0x3f, 0xff, 0x1f, 0xff, 0x0, 0xff,
    0xff, 0xf, 0xff, 0xff, 0xff, 0xff, 0x7, 0xff,
    0xff, 0xff, 0xff, 0x3, 0xff, 0xff, 0xff, 0xff,
    0x1, 0xff, 0xff, 0xfd, 0xff, 0x0, 0x7f, 0xff,
    0xf1, 0xff, 0x0, 0x1f, 0xff, 0xc1, 0xff, 0x0,
    0x3, 0xfe, 0x1, 0xff, 0x0, 0x0, 0x0, 0x1,
    0xff, 0x0, 0x0, 0x0, 0x1, 0xff, 0x0, 0x0,
    0x0, 0x3, 0xfe, 0x0, 0x0, 0x0, 0x3, 0xfe,
    0x0, 0x0, 0x0, 0x3, 0xfe, 0x6, 0x0, 0x0,
    0x7, 0xfe, 0x7, 0x80, 0x0, 0xf, 0xfc, 0xf,
    0xc0, 0x0, 0x1f, 0xfc, 0xf, 0xf8, 0x0, 0x7f,
    0xf8, 0x1f, 0xff, 0xff, 0xff, 0xf8, 0x3f, 0xff,
    0xff, 0xff, 0xf0, 0x3f, 0xff, 0xff, 0xff, 0xe0,
    0x1f, 0xff, 0xff, 0xff, 0xc0, 0x7, 0xff, 0xff,
    0xff, 0x0, 0x1, 0xff, 0xff, 0xfe, 0x0, 0x0,
    0x1f, 0xff, 0xf0, 0x0, 0x0, 0x0, 0x18, 0x0,
    0x0,

    /* U+0068 "h" */
    0xff, 0x80, 0x0, 0x0, 0x7, 0xfc, 0x0, 0x0,
    0x0, 0x3f, 0xe0, 0x0, 0x0, 0x1, 0xff, 0x0,
    0x0, 0x0, 0xf, 0xf8, 0x0, 0x0, 0x0, 0x7f,
    0xc0, 0x0, 0x0, 0x3, 0xfe, 0x0, 0x0, 0x0,
    0x1f, 0xf0, 0x0, 0x0, 0x0, 0xff, 0x80, 0x0,
    0x0, 0x7, 0xfc, 0x0, 0x0, 0x0, 0x3f, 0xe0,
    0x0, 0x0, 0x1, 0xff, 0x0, 0x0, 0x0, 0xf,
    0xf8, 0x0, 0x0, 0x0, 0x7f, 0xc0, 0x0, 0x0,
    0x3, 0xfe, 0x1, 0xff, 0x0, 0x1f, 0xf0, 0xff,
    0xff, 0x0, 0xff, 0x9f, 0xff, 0xfe, 0x7, 0xfd,
    0xff, 0xff, 0xf8, 0x3f, 0xff, 0xff, 0xff, 0xe1,
    0xff, 0xff, 0xff, 0xff, 0x8f, 0xff, 0xff, 0xff,
    0xfe, 0x7f, 0xff, 0x81, 0xff, 0xf3, 0xff, 0xf0,
    0x1, 0xff, 0xdf, 0xfe, 0x0, 0x7, 0xfe, 0xff,
    0xe0, 0x0, 0x3f, 0xf7, 0xff, 0x0, 0x0, 0xff,
    0xff, 0xf0, 0x0, 0x7, 0xff, 0xff, 0x80, 0x0,
    0x1f, 0xff, 0xf8, 0x0, 0x0, 0xff, 0xff, 0xc0,
    0x0, 0x7, 0xff, 0xfe, 0x0, 0x0, 0x3f, 0xff,
    0xf0, 0x0, 0x1, 0xff, 0xff, 0x80, 0x0, 0xf,
    0xff, 0xfc, 0x0, 0x0, 0x7f, 0xff, 0xe0, 0x0,
    0x3, 0xff, 0xff, 0x0, 0x0, 0x1f, 0xff, 0xf8,
    0x0, 0x0, 0xff, 0xff, 0xc0, 0x0, 0x7, 0xff,
    0xfe, 0x0, 0x0, 0x3f, 0xff, 0xf0, 0x0, 0x1,
    0xff, 0xff, 0x80, 0x0, 0xf, 0xff, 0xfc, 0x0,
    0x0, 0x7f, 0xff, 0xe0, 0x0, 0x3, 0xff, 0xff,
    0x0, 0x0, 0x1f, 0xff, 0xf8, 0x0, 0x0, 0xff,
    0xff, 0xc0, 0x0, 0x7, 0xff, 0xfe, 0x0, 0x0,
    0x3f, 0xff, 0xf0, 0x0, 0x1, 0xff, 0xff, 0x80,
    0x0, 0xf, 0xff, 0xfc, 0x0, 0x0, 0x7f, 0xff,
    0xe0, 0x0, 0x3, 0xff, 0xff, 0x0, 0x0, 0x1f,
    0xf0,

    /* U+0069 "i" */
    0x1f, 0xf, 0xf9, 0xff, 0x7f, 0xff, 0xff, 0xff,
    0xff, 0xfb, 0xfe, 0x7f, 0x83, 0xe0, 0x0, 0x0,
    0x0, 0x0, 0x0, 0x0, 0x0, 0x0, 0x7f, 0xcf,
    0xf9, 0xff, 0x3f, 0xe7, 0xfc, 0xff, 0x9f, 0xf3,
    0xfe, 0x7f, 0xcf, 0xf9, 0xff, 0x3f, 0xe7, 0xfc,
    0xff, 0x9f, 0xf3, 0xfe, 0x7f, 0xcf, 0xf9, 0xff,
    0x3f, 0xe7, 0xfc, 0xff, 0x9f, 0xf3, 0xfe, 0x7f,
    0xcf, 0xf9, 0xff, 0x3f, 0xe7, 0xfc, 0xff, 0x9f,
    0xf3, 0xfe, 0x7f, 0xcf, 0xf9, 0xff, 0x3f, 0xe7,
    0xfc, 0xff, 0x80,

    /* U+006A "j" */
    0x0, 0x3, 0xe0, 0x0, 0x3f, 0xe0, 0x0, 0xff,
    0x80, 0x7, 0xff, 0x0, 0x1f, 0xfc, 0x0, 0x7f,
    0xf0, 0x1, 0xff, 0xc0, 0x3, 0xfe, 0x0, 0xf,
    0xf0, 0x0, 0xf, 0x80, 0x0, 0x0, 0x0, 0x0,
    0x0, 0x0, 0x0, 0x0, 0x0, 0x0, 0x0, 0x0,
    0x0, 0x0, 0x0, 0x0, 0x0, 0xf, 0xf8, 0x0,
    0x3f, 0xe0, 0x0, 0xff, 0x80, 0x3, 0xfe, 0x0,
    0xf, 0xf8, 0x0, 0x3f, 0xe0, 0x0, 0xff, 0x80,
    0x3, 0xfe, 0x0, 0xf, 0xf8, 0x0, 0x3f, 0xe0,
    0x0, 0xff, 0x80, 0x3, 0xfe, 0x0, 0xf, 0xf8,
    0x0, 0x3f, 0xe0, 0x0, 0xff, 0x80, 0x3, 0xfe,
    0x0, 0xf, 0xf8, 0x0, 0x3f, 0xe0, 0x0, 0xff,
    0x80, 0x3, 0xfe, 0x0, 0xf, 0xf8, 0x0, 0x3f,
    0xe0, 0x0, 0xff, 0x80, 0x3, 0xfe, 0x0, 0xf,
    0xf8, 0x0, 0x3f, 0xe0, 0x0, 0xff, 0x80, 0x3,
    0xfe, 0x0, 0xf, 0xf8, 0x0, 0x3f, 0xe0, 0x0,
    0xff, 0x80, 0x3, 0xfe, 0x0, 0xf, 0xf8, 0x0,
    0x3f, 0xe0, 0x0, 0xff, 0x80, 0x3, 0xfe, 0x0,
    0xf, 0xf8, 0x0, 0x3f, 0xe0, 0x0, 0xff, 0x80,
    0x3, 0xfe, 0x0, 0xf, 0xf8, 0x0, 0x3f, 0xe0,
    0x0, 0xff, 0x80, 0x7, 0xfc, 0x20, 0x3f, 0xf0,
    0xff, 0xff, 0xc7, 0xff, 0xfe, 0x1f, 0xff, 0xf8,
    0xff, 0xff, 0xc3, 0xff, 0xfe, 0xf, 0xff, 0xf0,
    0xf, 0xff, 0x0, 0x1, 0x80, 0x0,

    /* U+006B "k" */
    0xff, 0x80, 0x0, 0x0, 0x1, 0xff, 0x0, 0x0,
    0x0, 0x3, 0xfe, 0x0, 0x0, 0x0, 0x7, 0xfc,
    0x0, 0x0, 0x0, 0xf, 0xf8, 0x0, 0x0, 0x0,
    0x1f, 0xf0, 0x0, 0x0, 0x0, 0x3f, 0xe0, 0x0,
    0x0, 0x0, 0x7f, 0xc0, 0x0, 0x0, 0x0, 0xff,
    0x80, 0x0, 0x0, 0x1, 0xff, 0x0, 0x0, 0x0,
    0x3, 0xfe, 0x0, 0x0, 0x0, 0x7, 0xfc, 0x0,
    0x0, 0x0, 0xf, 0xf8, 0x0, 0x0, 0x0, 0x1f,
    0xf0, 0x0, 0x0, 0x0, 0x3f, 0xe0, 0x0, 0x7,
    0xfe, 0x7f, 0xc0, 0x0, 0x1f, 0xf8, 0xff, 0x80,
    0x0, 0xff, 0xe1, 0xff, 0x0, 0x3, 0xff, 0x83,
    0xfe, 0x0, 0xf, 0xfe, 0x7, 0xfc, 0x0, 0x3f,
    0xf8, 0xf, 0xf8, 0x0, 0xff, 0xe0, 0x1f, 0xf0,
    0x3, 0xff, 0x80, 0x3f, 0xe0, 0xf, 0xfe, 0x0,
    0x7f, 0xc0, 0x3f, 0xf8, 0x0, 0xff, 0x80, 0xff,
    0xe0, 0x1, 0xff, 0x3, 0xff, 0x80, 0x3, 0xfe,
    0xf, 0xfe, 0x0, 0x7, 0xfc, 0x3f, 0xf8, 0x0,
    0xf, 0xf8, 0xff, 0xe0, 0x0, 0x1f, 0xf3, 0xff,
    0x80, 0x0, 0x3f, 0xef, 0xff, 0x0, 0x0, 0x7f,
    0xff, 0xff, 0x0, 0x0, 0xff, 0xff, 0xff, 0x0,
    0x1, 0xff, 0xff, 0xff, 0x0, 0x3, 0xff, 0xff,
    0xff, 0x0, 0x7, 0xff, 0xff, 0xfe, 0x0, 0xf,
    0xff, 0xef, 0xfe, 0x0, 0x1f, 0xff, 0x8f, 0xfe,
    0x0, 0x3f, 0xfe, 0xf, 0xfe, 0x0, 0x7f, 0xf8,
    0x1f, 0xfc, 0x0, 0xff, 0xe0, 0x1f, 0xfc, 0x1,
    0xff, 0x80, 0x1f, 0xfc, 0x3, 0xfe, 0x0, 0x1f,
    0xfc, 0x7, 0xfc, 0x0, 0x1f, 0xfc, 0xf, 0xf8,
    0x0, 0x3f, 0xf8, 0x1f, 0xf0, 0x0, 0x3f, 0xf8,
    0x3f, 0xe0, 0x0, 0x3f, 0xf8, 0x7f, 0xc0, 0x0,
    0x3f, 0xf8, 0xff, 0x80, 0x0, 0x3f, 0xf1, 0xff,
    0x0, 0x0, 0x7f, 0xf3, 0xfe, 0x0, 0x0, 0x7f,
    0xf7, 0xfc, 0x0, 0x0, 0x7f, 0xf0,

    /* U+006C "l" */
    0xff, 0xff, 0xff, 0xff, 0xff, 0xff, 0xff, 0xff,
    0xff, 0xff, 0xff, 0xff, 0xff, 0xff, 0xff, 0xff,
    0xff, 0xff, 0xff, 0xff, 0xff, 0xff, 0xff, 0xff,
    0xff, 0xff, 0xff, 0xff, 0xff, 0xff, 0xff, 0xff,
    0xff, 0xff, 0xff, 0xff, 0xff, 0xff, 0xff, 0xff,
    0xff, 0xff, 0xff, 0xff, 0xff, 0xff, 0xff, 0xff,
    0xff, 0xff, 0xff, 0xff, 0xff, 0xff, 0xff, 0xff,
    0xff, 0xff, 0xf0,

    /* U+006D "m" */
    0xff, 0x80, 0xff, 0x80, 0x0, 0x1f, 0xf0, 0x1,
    0xff, 0xf, 0xff, 0xf0, 0x3, 0xff, 0xfc, 0x3,
    0xfe, 0x7f, 0xff, 0xf0, 0x1f, 0xff, 0xfe, 0x7,
    0xfd, 0xff, 0xff, 0xf8, 0x7f, 0xff, 0xfe, 0xf,
    0xff, 0xff, 0xff, 0xf9, 0xff, 0xff, 0xfe, 0x1f,
    0xff, 0xff, 0xff, 0xf7, 0xff, 0xff, 0xfe, 0x3f,
    0xff, 0xff, 0xff, 0xff, 0xff, 0xff, 0xfe, 0x7f,
    0xff, 0x1, 0xff, 0xff, 0xe0, 0x3f, 0xfc, 0xff,
    0xf8, 0x0, 0xff, 0xff, 0x0, 0x1f, 0xfd, 0xff,
    0xe0, 0x0, 0xff, 0xfc, 0x0, 0x1f, 0xfb, 0xff,
    0x80, 0x1, 0xff, 0xf0, 0x0, 0x3f, 0xf7, 0xff,
    0x0, 0x1, 0xff, 0xe0, 0x0, 0x3f, 0xff, 0xfc,
    0x0, 0x3, 0xff, 0x80, 0x0, 0x7f, 0xff, 0xf8,
    0x0, 0x3, 0xff, 0x0, 0x0, 0x7f, 0xff, 0xe0,
    0x0, 0x7, 0xfc, 0x0, 0x0, 0xff, 0xff, 0xc0,
    0x0, 0xf, 0xf8, 0x0, 0x1, 0xff, 0xff, 0x80,
    0x0, 0x1f, 0xf0, 0x0, 0x3, 0xff, 0xff, 0x0,
    0x0, 0x3f, 0xe0, 0x0, 0x7, 0xff, 0xfe, 0x0,
    0x0, 0x7f, 0xc0, 0x0, 0xf, 0xff, 0xfc, 0x0,
    0x0, 0xff, 0x80, 0x0, 0x1f, 0xff, 0xf8, 0x0,
    0x1, 0xff, 0x0, 0x0, 0x3f, 0xff, 0xf0, 0x0,
    0x3, 0xfe, 0x0, 0x0, 0x7f, 0xff, 0xe0, 0x0,
    0x7, 0xfc, 0x0, 0x0, 0xff, 0xff, 0xc0, 0x0,
    0xf, 0xf8, 0x0, 0x1, 0xff, 0xff, 0x80, 0x0,
    0x1f, 0xf0, 0x0, 0x3, 0xff, 0xff, 0x0, 0x0,
    0x3f, 0xe0, 0x0, 0x7, 0xff, 0xfe, 0x0, 0x0,
    0x7f, 0xc0, 0x0, 0xf, 0xff, 0xfc, 0x0, 0x0,
    0xff, 0x80, 0x0, 0x1f, 0xff, 0xf8, 0x0, 0x1,
    0xff, 0x0, 0x0, 0x3f, 0xff, 0xf0, 0x0, 0x3,
    0xfe, 0x0, 0x0, 0x7f, 0xff, 0xe0, 0x0, 0x7,
    0xfc, 0x0, 0x0, 0xff, 0xff, 0xc0, 0x0, 0xf,
    0xf8, 0x0, 0x1, 0xff, 0xff, 0x80, 0x0, 0x1f,
    0xf0, 0x0, 0x3, 0xff, 0xff, 0x0, 0x0, 0x3f,
    0xe0, 0x0, 0x7, 0xff, 0xfe, 0x0, 0x0, 0x7f,
    0xc0, 0x0, 0xf, 0xff, 0xfc, 0x0, 0x0, 0xff,
    0x80, 0x0, 0x1f, 0xff, 0xf8, 0x0, 0x1, 0xff,
    0x0, 0x0, 0x3f, 0xff, 0xf0, 0x0, 0x3, 0xfe,
    0x0, 0x0, 0x7f, 0xc0,

    /* U+006E "n" */
    0xff, 0x80, 0xff, 0xc0, 0x7, 0xfc, 0x3f, 0xff,
    0xc0, 0x3f, 0xe7, 0xff, 0xff, 0x81, 0xff, 0x7f,
    0xff, 0xfe, 0xf, 0xff, 0xff, 0xff, 0xf8, 0x7f,
    0xff, 0xff, 0xff, 0xe3, 0xff, 0xff, 0xff, 0xff,
    0x9f, 0xff, 0xe0, 0x7f, 0xfc, 0xff, 0xfc, 0x0,
    0x7f, 0xf7, 0xff, 0x80, 0x1, 0xff, 0xbf, 0xf8,
    0x0, 0xf, 0xfd, 0xff, 0xc0, 0x0, 0x3f, 0xff,
    0xfc, 0x0, 0x1, 0xff, 0xff, 0xe0, 0x0, 0x7,
    0xff, 0xfe, 0x0, 0x0, 0x3f, 0xff, 0xf0, 0x0,
    0x1, 0xff, 0xff, 0x80, 0x0, 0xf, 0xff, 0xfc,
    0x0, 0x0, 0x7f, 0xff, 0xe0, 0x0, 0x3, 0xff,
    0xff, 0x0, 0x0, 0x1f, 0xff, 0xf8, 0x0, 0x0,
    0xff, 0xff, 0xc0, 0x0, 0x7, 0xff, 0xfe, 0x0,
    0x0, 0x3f, 0xff, 0xf0, 0x0, 0x1, 0xff, 0xff,
    0x80, 0x0, 0xf, 0xff, 0xfc, 0x0, 0x0, 0x7f,
    0xff, 0xe0, 0x0, 0x3, 0xff, 0xff, 0x0, 0x0,
    0x1f, 0xff, 0xf8, 0x0, 0x0, 0xff, 0xff, 0xc0,
    0x0, 0x7, 0xff, 0xfe, 0x0, 0x0, 0x3f, 0xff,
    0xf0, 0x0, 0x1, 0xff, 0xff, 0x80, 0x0, 0xf,
    0xff, 0xfc, 0x0, 0x0, 0x7f, 0xff, 0xe0, 0x0,
    0x3, 0xff, 0xff, 0x0, 0x0, 0x1f, 0xff, 0xf8,
    0x0, 0x0, 0xff, 0xff, 0xc0, 0x0, 0x7, 0xfc,

    /* U+006F "o" */
    0x0, 0x1, 0xff, 0x80, 0x0, 0x0, 0xf, 0xff,
    0xf0, 0x0, 0x0, 0x3f, 0xff, 0xfc, 0x0, 0x0,
    0xff, 0xff, 0xff, 0x0, 0x1, 0xff, 0xff, 0xff,
    0x80, 0x3, 0xff, 0xff, 0xff, 0xc0, 0x7, 0xff,
    0xff, 0xff, 0xe0, 0xf, 0xff, 0x81, 0xff, 0xf0,
    0x1f, 0xfc, 0x0, 0x3f, 0xf8, 0x3f, 0xf8, 0x0,
    0x1f, 0xfc, 0x3f, 0xf0, 0x0, 0xf, 0xfc, 0x7f,
    0xe0, 0x0, 0x7, 0xfe, 0x7f, 0xe0, 0x0, 0x7,
    0xfe, 0x7f, 0xc0, 0x0, 0x3, 0xfe, 0xff, 0xc0,
    0x0, 0x3, 0xfe, 0xff, 0x80, 0x0, 0x1, 0xff,
    0xff, 0x80, 0x0, 0x1, 0xff, 0xff, 0x80, 0x0,
    0x1, 0xff, 0xff, 0x80, 0x0, 0x1, 0xff, 0xff,
    0x80, 0x0, 0x1, 0xff, 0xff, 0x80, 0x0, 0x1,
    0xff, 0xff, 0x80, 0x0, 0x1, 0xff, 0xff, 0x80,
    0x0, 0x1, 0xff, 0xff, 0xc0, 0x0, 0x3, 0xff,
    0x7f, 0xc0, 0x0, 0x3, 0xfe, 0x7f, 0xc0, 0x0,
    0x3, 0xfe, 0x7f, 0xe0, 0x0, 0x7, 0xfe, 0x3f,
    0xf0, 0x0, 0xf, 0xfc, 0x3f, 0xf0, 0x0, 0x1f,
    0xfc, 0x1f, 0xfc, 0x0, 0x3f, 0xf8, 0x1f, 0xfe,
    0x0, 0x7f, 0xf8, 0xf, 0xff, 0xff, 0xff, 0xf0,
    0x7, 0xff, 0xff, 0xff, 0xe0, 0x3, 0xff, 0xff,
    0xff, 0xc0, 0x1, 0xff, 0xff, 0xff, 0x80, 0x0,
    0x7f, 0xff, 0xfe, 0x0, 0x0, 0x1f, 0xff, 0xf8,
    0x0, 0x0, 0x7, 0xff, 0xe0, 0x0, 0x0, 0x0,
    0x18, 0x0, 0x0,

    /* U+0070 "p" */
    0xff, 0x80, 0xff, 0xc0, 0x0, 0xff, 0x87, 0xff,
    0xf8, 0x0, 0xff, 0x9f, 0xff, 0xfe, 0x0, 0xff,
    0xbf, 0xff, 0xff, 0x80, 0xff, 0xff, 0xff, 0xff,
    0xc0, 0xff, 0xff, 0xff, 0xff, 0xe0, 0xff, 0xff,
    0xff, 0xff, 0xf0, 0xff, 0xff, 0x81, 0xff, 0xf0,
    0xff, 0xfc, 0x0, 0x3f, 0xf8, 0xff, 0xf8, 0x0,
    0x1f, 0xfc, 0xff, 0xf0, 0x0, 0xf, 0xfc, 0xff,
    0xe0, 0x0, 0x7, 0xfe, 0xff, 0xe0, 0x0, 0x7,
    0xfe, 0xff, 0xc0, 0x0, 0x3, 0xfe, 0xff, 0xc0,
    0x0, 0x3, 0xff, 0xff, 0x80, 0x0, 0x1, 0xff,
    0xff, 0x80, 0x0, 0x1, 0xff, 0xff, 0x80, 0x0,
    0x1, 0xff, 0xff, 0x80, 0x0, 0x1, 0xff, 0xff,
    0x80, 0x0, 0x1, 0xff, 0xff, 0x80, 0x0, 0x1,
    0xff, 0xff, 0x80, 0x0, 0x1, 0xff, 0xff, 0x80,
    0x0, 0x1, 0xff, 0xff, 0xc0, 0x0, 0x3, 0xff,
    0xff, 0xc0, 0x0, 0x3, 0xfe, 0xff, 0xc0, 0x0,
    0x3, 0xfe, 0xff, 0xe0, 0x0, 0x7, 0xfe, 0xff,
    0xf0, 0x0, 0xf, 0xfc, 0xff, 0xf8, 0x0, 0xf,
    0xfc, 0xff, 0xfc, 0x0, 0x3f, 0xf8, 0xff, 0xfe,
    0x0, 0x7f, 0xf8, 0xff, 0xff, 0xff, 0xff, 0xf0,
    0xff, 0xff, 0xff, 0xff, 0xe0, 0xff, 0xff, 0xff,
    0xff, 0xc0, 0xff, 0xbf, 0xff, 0xff, 0x80, 0xff,
    0x9f, 0xff, 0xff, 0x0, 0xff, 0x8f, 0xff, 0xfc,
    0x0, 0xff, 0x81, 0xff, 0xf0, 0x0, 0xff, 0x80,
    0xc, 0x0, 0x0, 0xff, 0x80, 0x0, 0x0, 0x0,
    0xff, 0x80, 0x0, 0x0, 0x0, 0xff, 0x80, 0x0,
    0x0, 0x0, 0xff, 0x80, 0x0, 0x0, 0x0, 0xff,
    0x80, 0x0, 0x0, 0x0, 0xff, 0x80, 0x0, 0x0,
    0x0, 0xff, 0x80, 0x0, 0x0, 0x0, 0xff, 0x80,
    0x0, 0x0, 0x0, 0xff, 0x80, 0x0, 0x0, 0x0,
    0xff, 0x80, 0x0, 0x0, 0x0, 0xff, 0x80, 0x0,
    0x0, 0x0, 0xff, 0x80, 0x0, 0x0, 0x0, 0xff,
    0x80, 0x0, 0x0, 0x0,

    /* U+0071 "q" */
    0x0, 0x3, 0xff, 0x1, 0xff, 0x0, 0x1f, 0xff,
    0xe1, 0xff, 0x0, 0x7f, 0xff, 0xf9, 0xff, 0x1,
    0xff, 0xff, 0xfd, 0xff, 0x3, 0xff, 0xff, 0xff,
    0xff, 0x7, 0xff, 0xff, 0xff, 0xff, 0xf, 0xff,
    0xff, 0xff, 0xff, 0x1f, 0xff, 0x81, 0xff, 0xff,
    0x1f, 0xfc, 0x0, 0x3f, 0xff, 0x3f, 0xf8, 0x0,
    0x1f, 0xff, 0x3f, 0xf0, 0x0, 0xf, 0xff, 0x7f,
    0xe0, 0x0, 0x7, 0xff, 0x7f, 0xe0, 0x0, 0x7,
    0xff, 0x7f, 0xc0, 0x0, 0x3, 0xff, 0xff, 0xc0,
    0x0, 0x3, 0xff, 0xff, 0x80, 0x0, 0x1, 0xff,
    0xff, 0x80, 0x0, 0x1, 0xff, 0xff, 0x80, 0x0,
    0x1, 0xff, 0xff, 0x80, 0x0, 0x1, 0xff, 0xff,
    0x80, 0x0, 0x1, 0xff, 0xff, 0x80, 0x0, 0x1,
    0xff, 0xff, 0x80, 0x0, 0x1, 0xff, 0xff, 0x80,
    0x0, 0x1, 0xff, 0xff, 0xc0, 0x0, 0x3, 0xff,
    0x7f, 0xc0, 0x0, 0x3, 0xff, 0x7f, 0xc0, 0x0,
    0x3, 0xff, 0x7f, 0xe0, 0x0, 0x7, 0xff, 0x7f,
    0xf0, 0x0, 0xf, 0xff, 0x3f, 0xf0, 0x0, 0x1f,
    0xff, 0x3f, 0xfc, 0x0, 0x3f, 0xff, 0x1f, 0xfe,
    0x0, 0x7f, 0xff, 0xf, 0xff, 0xff, 0xff, 0xff,
    0x7, 0xff, 0xff, 0xff, 0xff, 0x3, 0xff, 0xff,
    0xff, 0xff, 0x1, 0xff, 0xff, 0xfd, 0xff, 0x0,
    0xff, 0xff, 0xf9, 0xff, 0x0, 0x3f, 0xff, 0xe1,
    0xff, 0x0, 0xf, 0xff, 0x81, 0xff, 0x0, 0x0,
    0x20, 0x1, 0xff, 0x0, 0x0, 0x0, 0x1, 0xff,
    0x0, 0x0, 0x0, 0x1, 0xff, 0x0, 0x0, 0x0,
    0x1, 0xff, 0x0, 0x0, 0x0, 0x1, 0xff, 0x0,
    0x0, 0x0, 0x1, 0xff, 0x0, 0x0, 0x0, 0x1,
    0xff, 0x0, 0x0, 0x0, 0x1, 0xff, 0x0, 0x0,
    0x0, 0x1, 0xff, 0x0, 0x0, 0x0, 0x1, 0xff,
    0x0, 0x0, 0x0, 0x1, 0xff, 0x0, 0x0, 0x0,
    0x1, 0xff, 0x0, 0x0, 0x0, 0x1, 0xff, 0x0,
    0x0, 0x0, 0x1, 0xff,

    /* U+0072 "r" */
    0xff, 0x80, 0x7f, 0xfe, 0x1f, 0xff, 0xf8, 0xff,
    0xff, 0xef, 0xff, 0xff, 0xff, 0xff, 0xff, 0xff,
    0xff, 0xff, 0xff, 0xff, 0xff, 0xff, 0xff, 0xff,
    0x3, 0xff, 0xf0, 0xf, 0xff, 0x0, 0x3f, 0xf8,
    0x0, 0xff, 0xe0, 0x3, 0xff, 0x0, 0xf, 0xfc,
    0x0, 0x3f, 0xe0, 0x0, 0xff, 0x80, 0x3, 0xfe,
    0x0, 0xf, 0xf8, 0x0, 0x3f, 0xe0, 0x0, 0xff,
    0x80, 0x3, 0xfe, 0x0, 0xf, 0xf8, 0x0, 0x3f,
    0xe0, 0x0, 0xff, 0x80, 0x3, 0xfe, 0x0, 0xf,
    0xf8, 0x0, 0x3f, 0xe0, 0x0, 0xff, 0x80, 0x3,
    0xfe, 0x0, 0xf, 0xf8, 0x0, 0x3f, 0xe0, 0x0,
    0xff, 0x80, 0x3, 0xfe, 0x0, 0xf, 0xf8, 0x0,
    0x3f, 0xe0, 0x0, 0xff, 0x80, 0x3, 0xfe, 0x0,
    0x0,

    /* U+0073 "s" */
    0x0, 0xf, 0xff, 0x0, 0x0, 0x3f, 0xff, 0xf8,
    0x0, 0x7f, 0xff, 0xff, 0x0, 0xff, 0xff, 0xff,
    0xe0, 0xff, 0xff, 0xff, 0xe0, 0xff, 0xff, 0xff,
    0xf0, 0xff, 0xff, 0xff, 0xf0, 0x7f, 0xf8, 0x7,
    0xf0, 0x7f, 0xe0, 0x0, 0x78, 0x3f, 0xf0, 0x0,
    0x0, 0x1f, 0xf0, 0x0, 0x0, 0xf, 0xf8, 0x0,
    0x0, 0x7, 0xfc, 0x0, 0x0, 0x3, 0xff, 0x0,
    0x0, 0x1, 0xff, 0xe0, 0x0, 0x0, 0x7f, 0xff,
    0x0, 0x0, 0x3f, 0xff, 0xfc, 0x0, 0xf, 0xff,
    0xff, 0xe0, 0x7, 0xff, 0xff, 0xfc, 0x1, 0xff,
    0xff, 0xff, 0x80, 0x3f, 0xff, 0xff, 0xe0, 0x7,
    0xff, 0xff, 0xf8, 0x0, 0x3f, 0xff, 0xfc, 0x0,
    0x0, 0x7f, 0xff, 0x0, 0x0, 0x3, 0xff, 0x80,
    0x0, 0x0, 0xff, 0xc0, 0x0, 0x0, 0x3f, 0xe0,
    0x0, 0x0, 0x1f, 0xf1, 0x80, 0x0, 0xf, 0xf9,
    0xf0, 0x0, 0xf, 0xfc, 0xfe, 0x0, 0xf, 0xfc,
    0xff, 0xff, 0xff, 0xfe, 0x7f, 0xff, 0xff, 0xfe,
    0x7f, 0xff, 0xff, 0xfe, 0x3f, 0xff, 0xff, 0xfe,
    0x7, 0xff, 0xff, 0xfe, 0x0, 0xff, 0xff, 0xfc,
    0x0, 0xf, 0xff, 0xf8, 0x0, 0x0, 0x6, 0x0,
    0x0,

    /* U+0074 "t" */
    0x3, 0xfe, 0x0, 0x0, 0x3f, 0xe0, 0x0, 0x3,
    0xfe, 0x0, 0x0, 0x3f, 0xe0, 0x0, 0x3, 0xfe,
    0x0, 0x0, 0x3f, 0xe0, 0x0, 0x3, 0xfe, 0x0,
    0x0, 0x3f, 0xe0, 0x0, 0xff, 0xff, 0xff, 0x8f,
    0xff, 0xff, 0xf8, 0xff, 0xff, 0xff, 0x8f, 0xff,
    0xff, 0xf8, 0xff, 0xff, 0xff, 0x8f, 0xff, 0xff,
    0xf8, 0xff, 0xff, 0xff, 0x80, 0x3f, 0xe0, 0x0,
    0x3, 0xfe, 0x0, 0x0, 0x3f, 0xe0, 0x0, 0x3,
    0xfe, 0x0, 0x0, 0x3f, 0xe0, 0x0, 0x3, 0xfe,
    0x0, 0x0, 0x3f, 0xe0, 0x0, 0x3, 0xfe, 0x0,
    0x0, 0x3f, 0xe0, 0x0, 0x3, 0xfe, 0x0, 0x0,
    0x3f, 0xe0, 0x0, 0x3, 0xfe, 0x0, 0x0, 0x3f,
    0xe0, 0x0, 0x3, 0xfe, 0x0, 0x0, 0x3f, 0xe0,
    0x0, 0x3, 0xfe, 0x0, 0x0, 0x3f, 0xe0, 0x0,
    0x3, 0xfe, 0x0, 0x0, 0x3f, 0xe0, 0x0, 0x3,
    0xfe, 0x0, 0x0, 0x3f, 0xe0, 0x0, 0x3, 0xfe,
    0x0, 0x0, 0x3f, 0xf0, 0x0, 0x1, 0xff, 0x80,
    0x80, 0x1f, 0xff, 0xfc, 0x1, 0xff, 0xff, 0xc0,
    0xf, 0xff, 0xfe, 0x0, 0x7f, 0xff, 0xe0, 0x3,
    0xff, 0xfe, 0x0, 0x1f, 0xff, 0xe0, 0x0, 0x7f,
    0xf8, 0x0, 0x0, 0x30, 0x0,

    /* U+0075 "u" */
    0xff, 0x80, 0x0, 0xf, 0xff, 0xfc, 0x0, 0x0,
    0x7f, 0xff, 0xe0, 0x0, 0x3, 0xff, 0xff, 0x0,
    0x0, 0x1f, 0xff, 0xf8, 0x0, 0x0, 0xff, 0xff,
    0xc0, 0x0, 0x7, 0xff, 0xfe, 0x0, 0x0, 0x3f,
    0xff, 0xf0, 0x0, 0x1, 0xff, 0xff, 0x80, 0x0,
    0xf, 0xff, 0xfc, 0x0, 0x0, 0x7f, 0xff, 0xe0,
    0x0, 0x3, 0xff, 0xff, 0x0, 0x0, 0x1f, 0xff,
    0xf8, 0x0, 0x0, 0xff, 0xff, 0xc0, 0x0, 0x7,
    0xff, 0xfe, 0x0, 0x0, 0x3f, 0xff, 0xf0, 0x0,
    0x1, 0xff, 0xff, 0x80, 0x0, 0xf, 0xff, 0xfc,
    0x0, 0x0, 0x7f, 0xff, 0xe0, 0x0, 0x3, 0xff,
    0xff, 0x0, 0x0, 0x1f, 0xff, 0xf8, 0x0, 0x0,
    0xff, 0xff, 0xc0, 0x0, 0x7, 0xff, 0xfe, 0x0,
    0x0, 0x3f, 0xff, 0xf0, 0x0, 0x3, 0xff, 0xff,
    0x80, 0x0, 0x1f, 0xff, 0xfe, 0x0, 0x0, 0xff,
    0xff, 0xf0, 0x0, 0xf, 0xfe, 0xff, 0xc0, 0x0,
    0xff, 0xf7, 0xff, 0x0, 0xf, 0xff, 0xbf, 0xfc,
    0x0, 0xff, 0xfc, 0xff, 0xff, 0xff, 0xff, 0xe7,
    0xff, 0xff, 0xff, 0xff, 0x1f, 0xff, 0xff, 0xff,
    0xf8, 0x7f, 0xff, 0xff, 0xff, 0xc1, 0xff, 0xff,
    0xfb, 0xfe, 0x7, 0xff, 0xff, 0x9f, 0xf0, 0x1f,
    0xff, 0xf0, 0xff, 0x80, 0x1f, 0xfe, 0x7, 0xfc,
    0x0, 0x6, 0x0, 0x0, 0x0,

    /* U+0076 "v" */
    0xff, 0x80, 0x0, 0x0, 0xff, 0xff, 0xc0, 0x0,
    0x0, 0x7f, 0x9f, 0xf0, 0x0, 0x0, 0x7f, 0xcf,
    0xf8, 0x0, 0x0, 0x3f, 0xc3, 0xfe, 0x0, 0x0,
    0x3f, 0xe1, 0xff, 0x0, 0x0, 0x1f, 0xe0, 0xff,
    0x80, 0x0, 0xf, 0xf0, 0x3f, 0xe0, 0x0, 0xf,
    0xf8, 0x1f, 0xf0, 0x0, 0x7, 0xf8, 0x7, 0xfc,
    0x0, 0x7, 0xfc, 0x3, 0xfe, 0x0, 0x3, 0xfc,
    0x1, 0xff, 0x80, 0x3, 0xfe, 0x0, 0x7f, 0xc0,
    0x1, 0xfe, 0x0, 0x3f, 0xe0, 0x0, 0xff, 0x0,
    0xf, 0xf8, 0x0, 0xff, 0x80, 0x7, 0xfc, 0x0,
    0x7f, 0x80, 0x1, 0xff, 0x0, 0x7f, 0xc0, 0x0,
    0xff, 0x80, 0x3f, 0xc0, 0x0, 0x7f, 0xc0, 0x3f,
    0xe0, 0x0, 0x1f, 0xf0, 0x1f, 0xf0, 0x0, 0xf,
    0xf8, 0xf, 0xf0, 0x0, 0x3, 0xfe, 0xf, 0xf8,
    0x0, 0x1, 0xff, 0x7, 0xf8, 0x0, 0x0, 0x7f,
    0x87, 0xfc, 0x0, 0x0, 0x3f, 0xe3, 0xfc, 0x0,
    0x0, 0x1f, 0xf1, 0xfe, 0x0, 0x0, 0x7, 0xfd,
    0xff, 0x0, 0x0, 0x3, 0xfe, 0xff, 0x0, 0x0,
    0x0, 0xff, 0xff, 0x80, 0x0, 0x0, 0x7f, 0xff,
    0x80, 0x0, 0x0, 0x1f, 0xff, 0xc0, 0x0, 0x0,
    0xf, 0xff, 0xc0, 0x0, 0x0, 0x7, 0xff, 0xe0,
    0x0, 0x0, 0x1, 0xff, 0xf0, 0x0, 0x0, 0x0,
    0xff, 0xf0, 0x0, 0x0, 0x0, 0x3f, 0xf8, 0x0,
    0x0, 0x0, 0x1f, 0xf8, 0x0, 0x0, 0x0, 0xf,
    0xfc, 0x0, 0x0,

    /* U+0077 "w" */
    0xff, 0x80, 0x0, 0xf, 0xf0, 0x0, 0x0, 0xff,
    0x7f, 0x80, 0x0, 0xf, 0xf8, 0x0, 0x0, 0xff,
    0x7f, 0x80, 0x0, 0xf, 0xf8, 0x0, 0x1, 0xfe,
    0x3f, 0xc0, 0x0, 0x1f, 0xf8, 0x0, 0x1, 0xfe,
    0x3f, 0xc0, 0x0, 0x1f, 0xfc, 0x0, 0x1, 0xfc,
    0x3f, 0xc0, 0x0, 0x1f, 0xfc, 0x0, 0x3, 0xfc,
    0x1f, 0xe0, 0x0, 0x3f, 0xfc, 0x0, 0x3, 0xfc,
    0x1f, 0xe0, 0x0, 0x3f, 0xfe, 0x0, 0x3, 0xf8,
    0x1f, 0xf0, 0x0, 0x3f, 0xfe, 0x0, 0x7, 0xf8,
    0xf, 0xf0, 0x0, 0x7f, 0xfe, 0x0, 0x7, 0xf8,
    0xf, 0xf0, 0x0, 0x7f, 0xff, 0x0, 0xf, 0xf0,
    0xf, 0xf8, 0x0, 0xff, 0xff, 0x0, 0xf, 0xf0,
    0x7, 0xf8, 0x0, 0xff, 0xff, 0x80, 0xf, 0xf0,
    0x7, 0xf8, 0x0, 0xff, 0x7f, 0x80, 0x1f, 0xe0,
    0x3, 0xfc, 0x1, 0xfe, 0x7f, 0x80, 0x1f, 0xe0,
    0x3, 0xfc, 0x1, 0xfe, 0x3f, 0xc0, 0x1f, 0xc0,
    0x3, 0xfc, 0x1, 0xfc, 0x3f, 0xc0, 0x3f, 0xc0,
    0x1, 0xfe, 0x3, 0xfc, 0x3f, 0xc0, 0x3f, 0xc0,
    0x1, 0xfe, 0x3, 0xfc, 0x1f, 0xe0, 0x3f, 0x80,
    0x1, 0xfe, 0x3, 0xf8, 0x1f, 0xe0, 0x7f, 0x80,
    0x0, 0xff, 0x7, 0xf8, 0x1f, 0xe0, 0x7f, 0x80,
    0x0, 0xff, 0x7, 0xf8, 0xf, 0xf0, 0x7f, 0x0,
    0x0, 0xff, 0xf, 0xf0, 0xf, 0xf0, 0xff, 0x0,
    0x0, 0x7f, 0x8f, 0xf0, 0x7, 0xf0, 0xff, 0x0,
    0x0, 0x7f, 0x8f, 0xe0, 0x7, 0xf9, 0xfe, 0x0,
    0x0, 0x7f, 0xdf, 0xe0, 0x7, 0xf9, 0xfe, 0x0,
    0x0, 0x3f, 0xdf, 0xe0, 0x3, 0xfd, 0xfc, 0x0,
    0x0, 0x3f, 0xdf, 0xc0, 0x3, 0xff, 0xfc, 0x0,
    0x0, 0x1f, 0xff, 0xc0, 0x3, 0xff, 0xfc, 0x0,
    0x0, 0x1f, 0xff, 0xc0, 0x1, 0xff, 0xf8, 0x0,
    0x0, 0x1f, 0xff, 0x80, 0x1, 0xff, 0xf8, 0x0,
    0x0, 0xf, 0xff, 0x80, 0x1, 0xff, 0xf8, 0x0,
    0x0, 0xf, 0xff, 0x0, 0x0, 0xff, 0xf0, 0x0,
    0x0, 0xf, 0xff, 0x0, 0x0, 0xff, 0xf0, 0x0,
    0x0, 0x7, 0xff, 0x0, 0x0, 0x7f, 0xf0, 0x0,
    0x0, 0x7, 0xfe, 0x0, 0x0, 0x7f, 0xe0, 0x0,
    0x0, 0x7, 0xfe, 0x0, 0x0, 0x7f, 0xe0, 0x0,
    0x0, 0x3, 0xfe, 0x0, 0x0, 0x3f, 0xc0, 0x0,

    /* U+0078 "x" */
    0x7f, 0xc0, 0x0, 0xf, 0xf9, 0xff, 0x80, 0x0,
    0x7f, 0xe3, 0xff, 0x0, 0x3, 0xff, 0x7, 0xfe,
    0x0, 0xf, 0xf8, 0xf, 0xf8, 0x0, 0x7f, 0xc0,
    0x3f, 0xf0, 0x3, 0xff, 0x0, 0x7f, 0xe0, 0xf,
    0xf8, 0x0, 0xff, 0xc0, 0x7f, 0xc0, 0x1, 0xff,
    0x3, 0xfe, 0x0, 0x7, 0xfe, 0x1f, 0xf8, 0x0,
    0xf, 0xfc, 0x7f, 0xc0, 0x0, 0x1f, 0xf3, 0xfe,
    0x0, 0x0, 0x3f, 0xff, 0xf0, 0x0, 0x0, 0xff,
    0xff, 0xc0, 0x0, 0x1, 0xff, 0xfe, 0x0, 0x0,
    0x3, 0xff, 0xf0, 0x0, 0x0, 0x7, 0xff, 0x80,
    0x0, 0x0, 0x1f, 0xfe, 0x0, 0x0, 0x0, 0x3f,
    0xf0, 0x0, 0x0, 0x0, 0xff, 0xc0, 0x0, 0x0,
    0x7, 0xff, 0x80, 0x0, 0x0, 0x3f, 0xff, 0x0,
    0x0, 0x1, 0xff, 0xfe, 0x0, 0x0, 0x7, 0xff,
    0xfc, 0x0, 0x0, 0x3f, 0xff, 0xf0, 0x0, 0x1,
    0xff, 0x7f, 0xe0, 0x0, 0xf, 0xfc, 0xff, 0xc0,
    0x0, 0x3f, 0xe1, 0xff, 0x0, 0x1, 0xff, 0x3,
    0xfe, 0x0, 0xf, 0xfc, 0xf, 0xfc, 0x0, 0x7f,
    0xe0, 0x1f, 0xf8, 0x1, 0xff, 0x0, 0x3f, 0xf0,
    0xf, 0xf8, 0x0, 0x7f, 0xc0, 0x7f, 0xe0, 0x1,
    0xff, 0x83, 0xff, 0x0, 0x3, 0xff, 0x1f, 0xf8,
    0x0, 0x7, 0xfe, 0x7f, 0xc0, 0x0, 0x1f, 0xfb,
    0xff, 0x0, 0x0, 0x3f, 0xf0,

    /* U+0079 "y" */
    0x7f, 0xc0, 0x0, 0x0, 0x7f, 0xdf, 0xf0, 0x0,
    0x0, 0x1f, 0xe3, 0xfe, 0x0, 0x0, 0xf, 0xf8,
    0xff, 0x80, 0x0, 0x3, 0xfc, 0x1f, 0xf0, 0x0,
    0x1, 0xff, 0x7, 0xfc, 0x0, 0x0, 0x7f, 0x81,
    0xff, 0x0, 0x0, 0x1f, 0xe0, 0x3f, 0xe0, 0x0,
    0xf, 0xf8, 0xf, 0xf8, 0x0, 0x3, 0xfc, 0x1,
    0xff, 0x0, 0x1, 0xff, 0x0, 0x7f, 0xc0, 0x0,
    0x7f, 0x80, 0x1f, 0xf0, 0x0, 0x1f, 0xe0, 0x3,
    0xfe, 0x0, 0xf, 0xf0, 0x0, 0xff, 0x80, 0x3,
    0xfc, 0x0, 0x1f, 0xf0, 0x1, 0xff, 0x0, 0x7,
    0xfc, 0x0, 0x7f, 0x80, 0x0, 0xff, 0x80, 0x3f,
    0xe0, 0x0, 0x3f, 0xe0, 0xf, 0xf0, 0x0, 0xf,
    0xf8, 0x3, 0xfc, 0x0, 0x1, 0xff, 0x1, 0xfe,
    0x0, 0x0, 0x7f, 0xc0, 0x7f, 0x80, 0x0, 0xf,
    0xf8, 0x3f, 0xe0, 0x0, 0x3, 0xfe, 0xf, 0xf0,
    0x0, 0x0, 0x7f, 0x83, 0xfc, 0x0, 0x0, 0x1f,
    0xf1, 0xfe, 0x0, 0x0, 0x7, 0xfc, 0x7f, 0x80,
    0x0, 0x0, 0xff, 0xbf, 0xc0, 0x0, 0x0, 0x3f,
    0xef, 0xf0, 0x0, 0x0, 0x7, 0xff, 0xfc, 0x0,
    0x0, 0x1, 0xff, 0xfe, 0x0, 0x0, 0x0, 0x3f,
    0xff, 0x80, 0x0, 0x0, 0xf, 0xff, 0xc0, 0x0,
    0x0, 0x3, 0xff, 0xf0, 0x0, 0x0, 0x0, 0x7f,
    0xfc, 0x0, 0x0, 0x0, 0x1f, 0xfe, 0x0, 0x0,
    0x0, 0x3, 0xff, 0x80, 0x0, 0x0, 0x0, 0xff,
    0xc0, 0x0, 0x0, 0x0, 0x3f, 0xf0, 0x0, 0x0,
    0x0, 0x7, 0xf8, 0x0, 0x0, 0x0, 0x1, 0xfe,
    0x0, 0x0, 0x0, 0x0, 0xff, 0x80, 0x0, 0x0,
    0x0, 0x3f, 0xc0, 0x0, 0x0, 0x0, 0x1f, 0xf0,
    0x0, 0x0, 0x40, 0xf, 0xf8, 0x0, 0x0, 0x3c,
    0x7, 0xfe, 0x0, 0x0, 0xf, 0xff, 0xff, 0x0,
    0x0, 0x7, 0xff, 0xff, 0xc0, 0x0, 0x1, 0xff,
    0xff, 0xe0, 0x0, 0x0, 0xff, 0xff, 0xf0, 0x0,
    0x0, 0x3f, 0xff, 0xf8, 0x0, 0x0, 0x3, 0xff,
    0xf8, 0x0, 0x0, 0x0, 0x3f, 0xf8, 0x0, 0x0,
    0x0, 0x0, 0x40, 0x0, 0x0, 0x0, 0x0,

    /* U+007A "z" */
    0x7f, 0xff, 0xff, 0xff, 0x7f, 0xff, 0xff, 0xff,
    0x7f, 0xff, 0xff, 0xff, 0x7f, 0xff, 0xff, 0xff,
    0x7f, 0xff, 0xff, 0xff, 0x7f, 0xff, 0xff, 0xff,
    0x7f, 0xff, 0xff, 0xfe, 0x0, 0x0, 0xf, 0xfc,
    0x0, 0x0, 0xf, 0xfc, 0x0, 0x0, 0x1f, 0xf8,
    0x0, 0x0, 0x3f, 0xf0, 0x0, 0x0, 0x7f, 0xe0,
    0x0, 0x0, 0xff, 0xc0, 0x0, 0x0, 0xff, 0xc0,
    0x0, 0x1, 0xff, 0x80, 0x0, 0x3, 0xff, 0x0,
    0x0, 0x7, 0xfe, 0x0, 0x0, 0xf, 0xfc, 0x0,
    0x0, 0x1f, 0xfc, 0x0, 0x0, 0x1f, 0xf8, 0x0,
    0x0, 0x3f, 0xf0, 0x0, 0x0, 0x7f, 0xe0, 0x0,
    0x0, 0xff, 0xc0, 0x0, 0x1, 0xff, 0xc0, 0x0,
    0x1, 0xff, 0x80, 0x0, 0x3, 0xff, 0x0, 0x0,
    0x7, 0xfe, 0x0, 0x0, 0xf, 0xfc, 0x0, 0x0,
    0x1f, 0xfc, 0x0, 0x0, 0x3f, 0xf8, 0x0, 0x0,
    0x3f, 0xf0, 0x0, 0x0, 0x7f, 0xff, 0xff, 0xff,
    0xff, 0xff, 0xff, 0xff, 0xff, 0xff, 0xff, 0xff,
    0xff, 0xff, 0xff, 0xff, 0xff, 0xff, 0xff, 0xff,
    0xff, 0xff, 0xff, 0xff, 0xff, 0xff, 0xff, 0xff,

    /* U+007B "{" */
    0x0, 0x3, 0xfc, 0x0, 0x7f, 0xf0, 0x3, 0xff,
    0xc0, 0x1f, 0xff, 0x0, 0xff, 0xfc, 0x7, 0xff,
    0xf0, 0x1f, 0xff, 0xc0, 0xff, 0xf0, 0x3, 0xff,
    0x0, 0xf, 0xfc, 0x0, 0x3f, 0xe0, 0x0, 0xff,
    0x80, 0x3, 0xfe, 0x0, 0xf, 0xf8, 0x0, 0x3f,
    0xe0, 0x0, 0xff, 0x80, 0x3, 0xfe, 0x0, 0xf,
    0xf8, 0x0, 0x3f, 0xe0, 0x0, 0xff, 0x80, 0x3,
    0xfe, 0x0, 0xf, 0xf8, 0x0, 0x3f, 0xe0, 0x0,
    0xff, 0x80, 0x3, 0xfe, 0x0, 0xf, 0xf8, 0x0,
    0x3f, 0xe0, 0x0, 0xff, 0x80, 0x3, 0xfe, 0x0,
    0x1f, 0xf8, 0xf, 0xff, 0xc0, 0x3f, 0xff, 0x0,
    0xff, 0xf8, 0x3, 0xff, 0x80, 0xf, 0xff, 0x80,
    0x3f, 0xff, 0x0, 0xff, 0xfc, 0x0, 0x1f, 0xf8,
    0x0, 0x3f, 0xe0, 0x0, 0xff, 0x80, 0x3, 0xfe,
    0x0, 0xf, 0xf8, 0x0, 0x3f, 0xe0, 0x0, 0xff,
    0x80, 0x3, 0xfe, 0x0, 0xf, 0xf8, 0x0, 0x3f,
    0xe0, 0x0, 0xff, 0x80, 0x3, 0xfe, 0x0, 0xf,
    0xf8, 0x0, 0x3f, 0xe0, 0x0, 0xff, 0x80, 0x3,
    0xfe, 0x0, 0xf, 0xf8, 0x0, 0x3f, 0xe0, 0x0,
    0xff, 0x80, 0x3, 0xff, 0x0, 0xf, 0xfc, 0x0,
    0x3f, 0xfc, 0x0, 0x7f, 0xff, 0x1, 0xff, 0xfc,
    0x3, 0xff, 0xf0, 0xf, 0xff, 0xc0, 0x1f, 0xff,
    0x0, 0x1f, 0xfc, 0x0, 0xf, 0xf0,

    /* U+007C "|" */
    0xff, 0xff, 0xff, 0xff, 0xff, 0xff, 0xff, 0xff,
    0xff, 0xff, 0xff, 0xff, 0xff, 0xff, 0xff, 0xff,
    0xff, 0xff, 0xff, 0xff, 0xff, 0xff, 0xff, 0xff,
    0xff, 0xff, 0xff, 0xff, 0xff, 0xff, 0xff, 0xff,
    0xff, 0xff, 0xff, 0xff, 0xff, 0xff, 0xff, 0xff,
    0xff, 0xff, 0xff, 0xff, 0xff, 0xff, 0xff, 0xff,
    0xff, 0xff, 0xff, 0xff, 0xff, 0xff, 0xff, 0xff,
    0xff, 0xff, 0xff, 0xff, 0xff, 0xff, 0xff, 0xff,
    0xff, 0xff,

    /* U+007D "}" */
    0xff, 0x0, 0x7, 0xff, 0x0, 0x3f, 0xfc, 0x1,
    0xff, 0xf0, 0xf, 0xff, 0xc0, 0x7f, 0xff, 0x3,
    0xff, 0xf8, 0x1, 0xff, 0xc0, 0x3, 0xff, 0x0,
    0x1f, 0xf8, 0x0, 0x7f, 0xc0, 0x3, 0xfe, 0x0,
    0x1f, 0xf0, 0x0, 0xff, 0x80, 0x7, 0xfc, 0x0,
    0x3f, 0xe0, 0x1, 0xff, 0x0, 0xf, 0xf8, 0x0,
    0x7f, 0xc0, 0x3, 0xfe, 0x0, 0x1f, 0xf0, 0x0,
    0xff, 0x80, 0x7, 0xfc, 0x0, 0x3f, 0xe0, 0x1,
    0xff, 0x0, 0xf, 0xf8, 0x0, 0x7f, 0xc0, 0x3,
    0xfe, 0x0, 0x1f, 0xf0, 0x0, 0xff, 0xc0, 0x3,
    0xff, 0xe0, 0x1f, 0xff, 0x0, 0x7f, 0xf8, 0x0,
    0xff, 0xc0, 0x1f, 0xfe, 0x1, 0xff, 0xf0, 0xf,
    0xff, 0x80, 0xff, 0xc0, 0x7, 0xfc, 0x0, 0x3f,
    0xe0, 0x1, 0xff, 0x0, 0xf, 0xf8, 0x0, 0x7f,
    0xc0, 0x3, 0xfe, 0x0, 0x1f, 0xf0, 0x0, 0xff,
    0x80, 0x7, 0xfc, 0x0, 0x3f, 0xe0, 0x1, 0xff,
    0x0, 0xf, 0xf8, 0x0, 0x7f, 0xc0, 0x3, 0xfe,
    0x0, 0x1f, 0xf0, 0x0, 0xff, 0x80, 0x7, 0xfc,
    0x0, 0x3f, 0xe0, 0x3, 0xff, 0x0, 0x1f, 0xf8,
    0x3, 0xff, 0xc1, 0xff, 0xfc, 0xf, 0xff, 0xe0,
    0x7f, 0xfe, 0x3, 0xff, 0xf0, 0x1f, 0xfe, 0x0,
    0xff, 0xe0, 0x7, 0xfc, 0x0, 0x0,

    /* U+007E "~" */
    0x1, 0xf8, 0x0, 0x0, 0x3, 0xff, 0x80, 0x3,
    0xf1, 0xff, 0xf8, 0x0, 0xfc, 0xff, 0xff, 0x0,
    0x7f, 0x3f, 0xff, 0xf0, 0x1f, 0xdf, 0xff, 0xfe,
    0xf, 0xe7, 0xff, 0xff, 0xff, 0xf9, 0xfc, 0x1f,
    0xff, 0xfe, 0xfe, 0x3, 0xff, 0xff, 0x3f, 0x80,
    0x3f, 0xff, 0xcf, 0xc0, 0x7, 0xff, 0xe3, 0xf0,
    0x0, 0x7f, 0xe0, 0x0, 0x0, 0x7, 0xf0, 0x0
};


/*---------------------
 *  GLYPH DESCRIPTION
 *--------------------*/

static const lv_font_fmt_txt_glyph_dsc_t glyph_dsc[] = {
    {.bitmap_index = 0, .adv_w = 0, .box_w = 0, .box_h = 0, .ofs_x = 0, .ofs_y = 0} /* id = 0 reserved */,
    {.bitmap_index = 0, .adv_w = 309, .box_w = 1, .box_h = 1, .ofs_x = 0, .ofs_y = 0},
    {.bitmap_index = 1, .adv_w = 311, .box_w = 11, .box_h = 50, .ofs_x = 4, .ofs_y = -1},
    {.bitmap_index = 70, .adv_w = 463, .box_w = 20, .box_h = 19, .ofs_x = 4, .ofs_y = 30},
    {.bitmap_index = 118, .adv_w = 796, .box_w = 46, .box_h = 49, .ofs_x = 2, .ofs_y = 0},
    {.bitmap_index = 400, .adv_w = 704, .box_w = 39, .box_h = 66, .ofs_x = 2, .ofs_y = -8},
    {.bitmap_index = 722, .adv_w = 963, .box_w = 56, .box_h = 51, .ofs_x = 2, .ofs_y = -1},
    {.bitmap_index = 1079, .adv_w = 791, .box_w = 45, .box_h = 51, .ofs_x = 3, .ofs_y = -1},
    {.bitmap_index = 1366, .adv_w = 246, .box_w = 7, .box_h = 19, .ofs_x = 4, .ofs_y = 30},
    {.bitmap_index = 1383, .adv_w = 389, .box_w = 17, .box_h = 66, .ofs_x = 6, .ofs_y = -14},
    {.bitmap_index = 1524, .adv_w = 390, .box_w = 17, .box_h = 66, .ofs_x = 2, .ofs_y = -14},
    {.bitmap_index = 1665, .adv_w = 466, .box_w = 27, .box_h = 27, .ofs_x = 1, .ofs_y = 25},
    {.bitmap_index = 1757, .adv_w = 661, .box_w = 32, .box_h = 31, .ofs_x = 5, .ofs_y = 9},
    {.bitmap_index = 1881, .adv_w = 273, .box_w = 11, .box_h = 22, .ofs_x = 3, .ofs_y = -11},
    {.bitmap_index = 1912, .adv_w = 431, .box_w = 19, .box_h = 7, .ofs_x = 4, .ofs_y = 16},
    {.bitmap_index = 1929, .adv_w = 273, .box_w = 11, .box_h = 12, .ofs_x = 3, .ofs_y = -1},
    {.bitmap_index = 1946, .adv_w = 416, .box_w = 31, .box_h = 67, .ofs_x = -2, .ofs_y = -7},
    {.bitmap_index = 2206, .adv_w = 754, .box_w = 41, .box_h = 51, .ofs_x = 3, .ofs_y = -1},
    {.bitmap_index = 2468, .adv_w = 427, .box_w = 20, .box_h = 49, .ofs_x = 0, .ofs_y = 0},
    {.bitmap_index = 2591, .adv_w = 652, .box_w = 38, .box_h = 50, .ofs_x = 0, .ofs_y = 0},
    {.bitmap_index = 2829, .adv_w = 652, .box_w = 37, .box_h = 50, .ofs_x = 0, .ofs_y = -1},
    {.bitmap_index = 3061, .adv_w = 760, .box_w = 44, .box_h = 49, .ofs_x = 2, .ofs_y = 0},
    {.bitmap_index = 3331, .adv_w = 654, .box_w = 38, .box_h = 50, .ofs_x = 1, .ofs_y = -1},
    {.bitmap_index = 3569, .adv_w = 702, .box_w = 39, .box_h = 51, .ofs_x = 3, .ofs_y = -1},
    {.bitmap_index = 3818, .adv_w = 681, .box_w = 38, .box_h = 49, .ofs_x = 2, .ofs_y = 0},
    {.bitmap_index = 4051, .adv_w = 730, .box_w = 40, .box_h = 51, .ofs_x = 3, .ofs_y = -1},
    {.bitmap_index = 4306, .adv_w = 702, .box_w = 39, .box_h = 51, .ofs_x = 2, .ofs_y = -1},
    {.bitmap_index = 4555, .adv_w = 273, .box_w = 11, .box_h = 39, .ofs_x = 3, .ofs_y = -1},
    {.bitmap_index = 4609, .adv_w = 273, .box_w = 11, .box_h = 48, .ofs_x = 3, .ofs_y = -10},
    {.bitmap_index = 4675, .adv_w = 661, .box_w = 33, .box_h = 33, .ofs_x = 5, .ofs_y = 8},
    {.bitmap_index = 4812, .adv_w = 661, .box_w = 32, .box_h = 24, .ofs_x = 5, .ofs_y = 13},
    {.bitmap_index = 4908, .adv_w = 661, .box_w = 33, .box_h = 33, .ofs_x = 5, .ofs_y = 8},
    {.bitmap_index = 5045, .adv_w = 651, .box_w = 36, .box_h = 51, .ofs_x = 0, .ofs_y = -1},
    {.bitmap_index = 5275, .adv_w = 1158, .box_w = 66, .box_h = 65, .ofs_x = 3, .ofs_y = -15},
    {.bitmap_index = 5812, .adv_w = 839, .box_w = 53, .box_h = 49, .ofs_x = 0, .ofs_y = 0},
    {.bitmap_index = 6137, .adv_w = 852, .box_w = 43, .box_h = 49, .ofs_x = 7, .ofs_y = 0},
    {.bitmap_index = 6401, .adv_w = 814, .box_w = 45, .box_h = 51, .ofs_x = 3, .ofs_y = -1},
    {.bitmap_index = 6688, .adv_w = 925, .box_w = 48, .box_h = 49, .ofs_x = 7, .ofs_y = 0},
    {.bitmap_index = 6982, .adv_w = 750, .box_w = 37, .box_h = 49, .ofs_x = 7, .ofs_y = 0},
    {.bitmap_index = 7209, .adv_w = 713, .box_w = 36, .box_h = 49, .ofs_x = 7, .ofs_y = 0},
    {.bitmap_index = 7430, .adv_w = 865, .box_w = 47, .box_h = 51, .ofs_x = 3, .ofs_y = -1},
    {.bitmap_index = 7730, .adv_w = 907, .box_w = 43, .box_h = 49, .ofs_x = 7, .ofs_y = 0},
    {.bitmap_index = 7994, .adv_w = 357, .box_w = 9, .box_h = 49, .ofs_x = 7, .ofs_y = 0},
    {.bitmap_index = 8050, .adv_w = 590, .box_w = 32, .box_h = 50, .ofs_x = -1, .ofs_y = -1},
    {.bitmap_index = 8250, .adv_w = 816, .box_w = 45, .box_h = 49, .ofs_x = 7, .ofs_y = 0},
    {.bitmap_index = 8526, .adv_w = 671, .box_w = 35, .box_h = 49, .ofs_x = 7, .ofs_y = 0},
    {.bitmap_index = 8741, .adv_w = 1070, .box_w = 54, .box_h = 49, .ofs_x = 7, .ofs_y = 0},
    {.bitmap_index = 9072, .adv_w = 907, .box_w = 44, .box_h = 49, .ofs_x = 7, .ofs_y = 0},
    {.bitmap_index = 9342, .adv_w = 943, .box_w = 53, .box_h = 51, .ofs_x = 3, .ofs_y = -1},
    {.bitmap_index = 9680, .adv_w = 813, .box_w = 41, .box_h = 49, .ofs_x = 7, .ofs_y = 0},
    {.bitmap_index = 9932, .adv_w = 943, .box_w = 55, .box_h = 61, .ofs_x = 3, .ofs_y = -11},
    {.bitmap_index = 10352, .adv_w = 819, .box_w = 42, .box_h = 49, .ofs_x = 7, .ofs_y = 0},
    {.bitmap_index = 10610, .adv_w = 704, .box_w = 39, .box_h = 51, .ofs_x = 2, .ofs_y = -1},
    {.bitmap_index = 10859, .adv_w = 674, .box_w = 42, .box_h = 49, .ofs_x = 1, .ofs_y = 0},
    {.bitmap_index = 11117, .adv_w = 884, .box_w = 43, .box_h = 50, .ofs_x = 6, .ofs_y = -1},
    {.bitmap_index = 11386, .adv_w = 816, .box_w = 51, .box_h = 49, .ofs_x = 0, .ofs_y = 0},
    {.bitmap_index = 11699, .adv_w = 1281, .box_w = 76, .box_h = 49, .ofs_x = 2, .ofs_y = 0},
    {.bitmap_index = 12165, .adv_w = 776, .box_w = 47, .box_h = 49, .ofs_x = 1, .ofs_y = 0},
    {.bitmap_index = 12453, .adv_w = 740, .box_w = 47, .box_h = 49, .ofs_x = 0, .ofs_y = 0},
    {.bitmap_index = 12741, .adv_w = 743, .box_w = 42, .box_h = 49, .ofs_x = 3, .ofs_y = 0},
    {.bitmap_index = 12999, .adv_w = 392, .box_w = 17, .box_h = 66, .ofs_x = 7, .ofs_y = -14},
    {.bitmap_index = 13140, .adv_w = 416, .box_w = 31, .box_h = 67, .ofs_x = -3, .ofs_y = -7},
    {.bitmap_index = 13400, .adv_w = 392, .box_w = 17, .box_h = 66, .ofs_x = 1, .ofs_y = -14},
    {.bitmap_index = 13541, .adv_w = 662, .box_w = 32, .box_h = 30, .ofs_x = 5, .ofs_y = 10},
    {.bitmap_index = 13661, .adv_w = 560, .box_w = 35, .box_h = 5, .ofs_x = 0, .ofs_y = -5},
    {.bitmap_index = 13683, .adv_w = 672, .box_w = 20, .box_h = 10, .ofs_x = 7, .ofs_y = 43},
    {.bitmap_index = 13708, .adv_w = 680, .box_w = 34, .box_h = 39, .ofs_x = 3, .ofs_y = -1},
    {.bitmap_index = 13874, .adv_w = 768, .box_w = 40, .box_h = 53, .ofs_x = 6, .ofs_y = -1},
    {.bitmap_index = 14139, .adv_w = 651, .box_w = 36, .box_h = 39, .ofs_x = 3, .ofs_y = -1},
    {.bitmap_index = 14315, .adv_w = 769, .box_w = 40, .box_h = 53, .ofs_x = 3, .ofs_y = -1},
    {.bitmap_index = 14580, .adv_w = 697, .box_w = 38, .box_h = 39, .ofs_x = 3, .ofs_y = -1},
    {.bitmap_index = 14766, .adv_w = 413, .box_w = 28, .box_h = 53, .ofs_x = 1, .ofs_y = 0},
    {.bitmap_index = 14952, .adv_w = 777, .box_w = 40, .box_h = 53, .ofs_x = 3, .ofs_y = -15},
    {.bitmap_index = 15217, .adv_w = 767, .box_w = 37, .box_h = 52, .ofs_x = 6, .ofs_y = 0},
    {.bitmap_index = 15458, .adv_w = 324, .box_w = 11, .box_h = 54, .ofs_x = 5, .ofs_y = 0},
    {.bitmap_index = 15533, .adv_w = 330, .box_w = 22, .box_h = 69, .ofs_x = -6, .ofs_y = -15},
    {.bitmap_index = 15723, .adv_w = 712, .box_w = 39, .box_h = 52, .ofs_x = 6, .ofs_y = 0},
    {.bitmap_index = 15977, .adv_w = 324, .box_w = 9, .box_h = 52, .ofs_x = 6, .ofs_y = 0},
    {.bitmap_index = 16036, .adv_w = 1179, .box_w = 63, .box_h = 38, .ofs_x = 6, .ofs_y = 0},
    {.bitmap_index = 16336, .adv_w = 767, .box_w = 37, .box_h = 38, .ofs_x = 6, .ofs_y = 0},
    {.bitmap_index = 16512, .adv_w = 722, .box_w = 40, .box_h = 39, .ofs_x = 3, .ofs_y = -1},
    {.bitmap_index = 16707, .adv_w = 768, .box_w = 40, .box_h = 52, .ofs_x = 6, .ofs_y = -14},
    {.bitmap_index = 16967, .adv_w = 768, .box_w = 40, .box_h = 52, .ofs_x = 3, .ofs_y = -14},
    {.bitmap_index = 17227, .adv_w = 470, .box_w = 22, .box_h = 38, .ofs_x = 6, .ofs_y = 0},
    {.bitmap_index = 17332, .adv_w = 577, .box_w = 33, .box_h = 39, .ofs_x = 2, .ofs_y = -1},
    {.bitmap_index = 17493, .adv_w = 475, .box_w = 28, .box_h = 47, .ofs_x = 1, .ofs_y = -1},
    {.bitmap_index = 17658, .adv_w = 763, .box_w = 37, .box_h = 39, .ofs_x = 5, .ofs_y = -1},
    {.bitmap_index = 17839, .adv_w = 647, .box_w = 41, .box_h = 38, .ofs_x = 0, .ofs_y = 0},
    {.bitmap_index = 18034, .adv_w = 1029, .box_w = 64, .box_h = 38, .ofs_x = 0, .ofs_y = 0},
    {.bitmap_index = 18338, .adv_w = 642, .box_w = 38, .box_h = 38, .ofs_x = 1, .ofs_y = 0},
    {.bitmap_index = 18519, .adv_w = 647, .box_w = 42, .box_h = 53, .ofs_x = -1, .ofs_y = -15},
    {.bitmap_index = 18798, .adv_w = 596, .box_w = 32, .box_h = 38, .ofs_x = 3, .ofs_y = 0},
    {.bitmap_index = 18950, .adv_w = 414, .box_w = 22, .box_h = 66, .ofs_x = 3, .ofs_y = -14},
    {.bitmap_index = 19132, .adv_w = 339, .box_w = 8, .box_h = 66, .ofs_x = 7, .ofs_y = -14},
    {.bitmap_index = 19198, .adv_w = 414, .box_w = 21, .box_h = 66, .ofs_x = 1, .ofs_y = -14},
    {.bitmap_index = 19372, .adv_w = 661, .box_w = 34, .box_h = 13, .ofs_x = 4, .ofs_y = 18}
};

/*---------------------
 *  CHARACTER MAPPING
 *--------------------*/



/*Collect the unicode lists and glyph_id offsets*/
static const lv_font_fmt_txt_cmap_t cmaps[] =
{
    {
        .range_start = 32, .range_length = 95, .glyph_id_start = 1,
        .unicode_list = NULL, .glyph_id_ofs_list = NULL, .list_length = 0, .type = LV_FONT_FMT_TXT_CMAP_FORMAT0_TINY
    }
};

/*-----------------
 *    KERNING
 *----------------*/


/*Map glyph_ids to kern left classes*/
static const uint8_t kern_left_class_mapping[] =
{
    0, 0, 1, 2, 0, 3, 4, 5,
    2, 6, 7, 8, 9, 10, 9, 10,
    11, 12, 0, 13, 14, 15, 16, 17,
    18, 19, 12, 20, 20, 0, 0, 0,
    21, 22, 23, 24, 25, 22, 26, 27,
    28, 29, 29, 30, 31, 32, 29, 29,
    22, 33, 34, 35, 3, 36, 30, 37,
    37, 38, 39, 40, 41, 42, 43, 0,
    44, 0, 45, 46, 47, 48, 49, 50,
    51, 45, 52, 52, 53, 48, 45, 45,
    46, 46, 54, 55, 56, 57, 51, 58,
    58, 59, 58, 60, 41, 0, 0, 9
};

/*Map glyph_ids to kern right classes*/
static const uint8_t kern_right_class_mapping[] =
{
    0, 0, 1, 2, 0, 3, 4, 5,
    2, 6, 7, 8, 9, 10, 9, 10,
    11, 12, 13, 14, 15, 16, 17, 12,
    18, 19, 20, 21, 21, 0, 0, 0,
    22, 23, 24, 25, 23, 25, 25, 25,
    23, 25, 25, 26, 25, 25, 25, 25,
    23, 25, 23, 25, 3, 27, 28, 29,
    29, 30, 31, 32, 33, 34, 35, 0,
    36, 0, 37, 38, 39, 39, 39, 0,
    39, 38, 40, 41, 38, 38, 42, 42,
    39, 42, 39, 42, 43, 44, 45, 46,
    46, 47, 46, 48, 0, 0, 35, 9
};

/*Kern values between classes*/
static const int8_t kern_class_values[] =
{
    0, 4, 0, 0, 0, 0, 0, 0,
    0, 4, 0, 0, 9, 0, 0, 0,
    0, 4, 0, 0, 0, 0, 0, 0,
    0, 0, 0, 0, 0, 0, 0, 0,
    0, 0, 4, 0, 0, 0, 0, 0,
    0, 0, 0, 0, 0, 0, 0, 0,
    4, 38, 0, 21, -17, 0, 0, 0,
    0, -47, -51, 4, 38, 17, 13, -34,
    4, 38, 3, 34, 9, 26, 0, 0,
    0, 0, 0, 0, 0, 0, 0, 0,
    0, 51, 9, -4, 0, 0, 0, 0,
    0, 0, 0, 0, 0, 0, 0, 0,
    0, -26, 0, 0, 0, 0, 0, -17,
    13, 17, 0, 0, -9, 0, -4, 9,
    0, -9, 0, -9, -4, -17, 0, 0,
    0, 0, -9, 0, 0, -11, -13, 0,
    0, -9, 0, -17, 0, 0, 0, 0,
    0, 0, 0, 0, 0, -9, -9, 0,
    0, -21, 0, -105, 0, 0, -17, 0,
    17, 26, 1, 0, -17, 9, 9, 28,
    17, -13, 17, 0, 0, -47, 0, 0,
    0, 0, 0, 0, 0, 0, 0, 0,
    0, -30, 0, 0, 0, 0, 0, 0,
    0, 0, 0, 0, 0, 0, 0, 0,
    -10, -38, 0, -34, -4, 0, 0, 0,
    0, 0, 30, 0, -26, -9, -4, 4,
    0, -13, 0, 0, -6, -60, 0, 0,
    0, 0, 0, 0, 0, 0, 0, 0,
    0, -68, -9, 26, 0, 0, 0, 0,
    0, 0, 0, 0, 0, 0, 0, 0,
    0, 0, 0, 0, 0, 0, 0, 0,
    0, 0, 30, 0, 9, 0, 0, -17,
    0, 0, 0, 0, 0, 0, 0, 0,
    0, 0, 0, 0, 0, 0, 0, 0,
    0, 34, 9, 4, 0, 0, 0, 0,
    0, 0, 0, 0, 0, 0, 0, 0,
    0, 0, 0, 0, 0, 0, 0, 0,
    0, 0, 0, 0, 0, 0, 0, 0,
    0, 0, 0, 0, 0, 0, 0, 0,
    0, 0, -30, 0, 0, 0, 0, 0,
    0, 0, 0, 0, 0, 0, 0, 0,
    0, 0, 0, 0, 0, 0, 0, 0,
    6, 17, 9, 26, -9, 0, 0, 17,
    -9, -30, -115, 4, 21, 17, 0, -11,
    0, 26, 0, 26, 0, 26, 0, -81,
    0, -10, 26, 0, 28, -9, 17, 9,
    0, 0, 4, -9, 0, 0, -13, 68,
    0, 68, 0, 26, 0, 34, 13, 13,
    0, 0, 0, -30, 0, 0, 0, 0,
    4, -6, 0, 4, -17, -13, -17, 4,
    0, -9, 0, 0, 0, -34, 0, 0,
    0, 0, 0, 0, 0, 0, 0, 0,
    0, -55, 0, 0, 0, 0, 0, 0,
    0, 0, 0, 0, 0, 0, 0, 0,
    4, -47, 0, -55, 0, 0, 0, 0,
    -6, 0, 81, -10, -13, 9, 9, -4,
    0, -13, 9, 0, 0, -47, 0, 0,
    0, 0, 0, 0, 0, 0, 0, 0,
    0, -81, 0, 9, 0, 0, 0, 0,
    0, 0, 0, 0, 0, 0, 0, 0,
    0, 51, 0, 0, -30, 0, 30, 0,
    -60, -81, -60, -17, 26, 0, 0, -55,
    0, 9, -21, 0, -13, 0, 0, 0,
    0, 0, 0, 0, 0, 0, 0, 0,
    0, 17, 26, -102, 0, 0, 0, 0,
    0, 0, 0, 0, 0, 0, 0, 0,
    0, 4, 0, 0, 0, 0, 0, 4,
    4, -10, -17, 0, -4, -4, -9, 0,
    0, -4, 0, 0, 0, -17, 0, -9,
    0, -21, -17, 0, -21, -30, -30, -15,
    0, -17, 0, -17, 0, 0, 0, 0,
    -7, 0, 0, 9, 0, 4, -9, 0,
    0, 0, 0, 9, -4, 0, 0, 0,
    -4, 9, 9, -3, 0, 0, 0, -13,
    0, -3, 0, 0, 0, 0, 0, 4,
    0, 13, -4, 0, -10, 0, -15, 0,
    0, -4, 0, 26, 0, 0, -9, 0,
    0, 0, 0, 0, -3, 3, -4, -4,
    0, -9, 0, -9, 0, 0, 0, 0,
    0, 0, 0, 0, 0, -4, -4, 0,
    -9, -9, 0, 0, 0, 0, 0, 3,
    0, 0, -6, 0, -9, -9, -9, 0,
    0, 0, 0, 0, 0, 0, 0, 0,
    -5, 0, 0, 0, 0, -6, -13, 0,
    0, -26, -4, -26, 17, 0, 0, -17,
    9, 17, 21, 0, -21, -3, -9, 0,
    -3, -38, 9, -4, 6, -47, 9, 0,
    0, 4, -44, 0, -47, -9, -74, -4,
    0, -43, 0, 17, 24, 0, 13, 0,
    0, 0, 0, 2, 0, -17, -13, 0,
    0, 0, 0, -9, 0, 0, 0, -9,
    0, 0, 0, 0, 0, -4, -4, 0,
    -4, -11, 0, 0, 0, 0, 0, 0,
    0, -9, -9, 0, -6, -10, -7, 0,
    0, -9, 0, 0, 0, 0, 0, 0,
    0, 0, 0, 0, 0, -9, -9, 0,
    0, -4, 0, -17, 9, 0, 0, -9,
    4, 9, 9, 0, 0, 0, 0, 0,
    0, -4, 0, 0, 0, 0, 0, 4,
    0, 0, -9, 0, -9, -4, -9, 0,
    0, 0, 0, 0, 0, 0, 7, 0,
    -7, 0, 0, 0, 0, -11, -13, 0,
    0, 26, -4, 4, -26, 0, 0, 21,
    -43, -43, -34, -17, 9, 0, -7, -55,
    -15, 0, -15, 0, -17, 13, -15, -53,
    0, -21, 0, 0, 4, -3, 9, -4,
    0, 9, 4, -26, -32, 0, -43, -19,
    -18, -19, -26, -9, -21, 0, -13, -21,
    0, 3, 0, -9, 0, 0, 0, 4,
    0, 9, 0, 0, 0, 0, 0, 0,
    0, 0, 0, 0, 0, -9, 0, -4,
    0, -3, -9, 0, -15, -19, -19, -3,
    0, -26, 0, 0, 0, 0, 0, 0,
    -7, 0, 0, 0, 0, 2, -7, 0,
    0, 9, 0, 0, 0, 0, 0, 0,
    0, 0, 43, 0, 0, 0, 0, 0,
    0, 4, 0, 0, 0, -9, 0, 0,
    0, 0, 0, 0, 0, 0, 0, 0,
    0, -17, 0, 9, 0, 0, 0, 0,
    0, 0, 0, 0, 0, 0, 0, 0,
    -4, 0, 0, 0, -13, 0, 0, 0,
    0, -43, -26, 0, 0, 0, -13, -43,
    0, 0, -9, 9, 0, -19, 0, 0,
    0, 0, 0, 0, 0, 0, 0, 0,
    -10, 0, 0, -15, 0, 0, 0, 0,
    0, 0, 0, 0, 0, 0, 0, 0,
    0, -15, 0, 0, 0, 0, 9, 0,
    4, -17, -17, 0, -9, -9, -10, 0,
    0, 0, 0, 0, 0, -26, 0, -9,
    0, -13, -9, 0, -19, -21, -26, -7,
    0, -17, 3, -26, 0, 0, 0, 0,
    68, 0, 0, 4, 0, 0, -13, 0,
    0, -37, 0, 0, 0, 0, 0, -81,
    -17, 28, 26, -9, -36, 0, 9, -13,
    0, -43, -4, -11, 9, -60, -9, 15,
    0, 13, -30, -13, -32, -30, -36, 0,
    0, -51, 0, 47, 0, 0, -4, 0,
    0, 0, -4, -4, -9, -23, -30, -2,
    0, 0, 0, 0, 0, 0, 0, 0,
    0, 4, 0, 0, 0, 0, 0, 0,
    0, 0, 0, 0, 0, 0, 0, 0,
    0, 0, -9, 0, -4, -9, -13, 0,
    0, -17, 0, -9, 0, 0, 0, 0,
    0, 0, 0, 0, 0, 0, 0, 0,
    0, 0, -3, 0, -17, 0, 0, 17,
    -4, 11, 0, -17, 9, -4, -3, -17,
    -9, 0, -11, -9, -6, 0, -13, -13,
    0, 0, -7, -4, -4, -13, -9, 0,
    0, -9, 0, 9, -4, 0, -17, 0,
    0, 0, -17, 0, -13, 0, -13, -13,
    0, 0, 0, 0, 0, 0, 0, 0,
    -17, 9, 0, -10, 0, -4, -9, -20,
    -4, -4, -4, -3, -4, -9, -3, 0,
    0, 0, 0, 0, -9, -7, -7, 0,
    0, 0, 0, 9, -4, 0, -4, 0,
    0, 0, -4, -9, -4, -6, -9, -6,
    9, 34, -3, 0, -21, 0, -4, 17,
    0, -9, -34, -11, 13, 3, 0, -38,
    -13, 9, -13, 6, 0, -2, -7, -26,
    0, -13, 4, 0, 0, -13, 0, 0,
    0, 9, 9, -17, -15, 0, -13, -9,
    -13, -9, -9, 0, -13, 4, -15, -13,
    0, 0, 0, 0, 0, 0, 0, 0,
    0, 9, 0, 0, 0, 0, 0, 0,
    0, 0, 0, 0, 0, 0, 0, 0,
    0, 0, 0, 0, 0, 0, 0, 0,
    0, -13, 0, 0, 0, 0, 0, 0,
    0, 0, 0, 0, 0, 0, 0, 0,
    0, 0, 0, 0, 0, 0, 0, 0,
    0, 0, 0, 0, 0, 0, 0, 0,
    0, 0, 0, 0, 0, 0, 0, 0,
    0, 0, 0, 0, -4, 0, 0, 0,
    0, 0, 0, 0, 0, 0, 0, 0,
    0, 0, 0, 0, 0, 0, 0, 0,
    0, 0, 0, 0, 0, 0, 0, 0,
    0, -7, -9, 0, 0, 0, 0, 0,
    0, 0, 0, 0, 0, 0, 0, -13,
    0, 0, -11, 0, 0, -9, -9, 0,
    0, 0, 0, -9, 0, 0, 0, 0,
    -4, 0, 0, 0, 0, 0, -4, 0,
    0, 0, -13, 0, -17, 0, 0, 0,
    -30, 0, 4, -19, 17, 2, -4, -38,
    0, 0, -19, -9, 0, -34, -21, -26,
    0, 0, -38, -9, -34, -34, -43, 0,
    -17, 0, 9, 55, -11, 0, -20, -9,
    -3, -9, -13, -21, -15, -32, -37, -21,
    0, 0, -4, 0, 4, 0, 0, -60,
    -4, 26, 17, -17, -30, 0, 4, -20,
    0, -43, -4, -9, 17, -77, -11, 4,
    0, 0, -55, -9, -43, -9, -62, 0,
    0, -60, 0, 47, 4, 0, -4, 0,
    0, 0, 0, -4, -4, -32, -4, 0,
    0, 0, 0, 0, -26, 0, -6, 0,
    -4, -24, -38, 0, 0, -4, -13, -26,
    -9, 0, -6, 0, 0, 0, 0, -38,
    -9, -28, -26, -9, -15, -21, -9, -13,
    0, -17, -6, -30, -13, 0, -10, -13,
    -9, -13, 0, 4, 0, -4, -28, 0,
    0, -15, 0, 0, 0, 0, 9, 0,
    4, -17, 38, 0, -9, -9, -10, 0,
    0, 0, 0, 0, 0, -26, 0, -9,
    0, -13, -9, 0, -19, -21, -26, -7,
    0, -17, 9, 34, 0, 0, 0, 0,
    68, 0, 0, 4, 0, 0, -13, 0,
    0, 0, 0, 0, 0, 0, 0, 0,
    -2, 0, 0, 0, 0, 0, -4, -17,
    0, 0, 0, 0, 0, -4, 0, 0,
    0, -9, -9, 0, 0, -17, -9, 0,
    0, -17, 0, 13, -4, 0, 0, 0,
    0, 0, 0, 4, 0, 0, 0, 0,
    17, 9, -6, 0, -26, -10, 0, 26,
    -30, -27, -17, -17, 34, 17, 9, -73,
    -6, 17, -9, 0, -9, 13, -9, -30,
    0, -9, 9, -11, -9, -26, -9, 0,
    0, 26, 17, 0, -24, 0, -47, -11,
    31, -11, -32, 4, -11, -28, -28, -9,
    9, 0, -13, 0, -21, 0, 9, 28,
    -21, -32, -34, -21, 26, 0, 4, -64,
    -9, 9, -15, -6, -21, 0, -19, -32,
    -13, -13, -9, 0, 0, -21, -20, -9,
    0, 26, 21, -9, -47, 0, -47, -9,
    0, -30, -51, -4, -27, -15, -28, -26,
    0, 0, -11, 0, -17, -6, 0, -9,
    -17, 0, 13, -30, 9, 0, 0, -47,
    0, -9, -19, -15, -6, -26, -21, -30,
    -20, 0, -26, -9, -21, -13, -26, -9,
    0, 0, 4, 38, -15, 0, -26, -9,
    0, -9, -17, -21, -23, -26, -34, -13,
    17, 0, -13, 0, -43, -9, 7, 17,
    -27, -32, -17, -30, 30, -9, 4, -81,
    -17, 17, -19, -15, -32, 0, -26, -36,
    -9, -9, -9, -9, -20, -26, -4, 0,
    0, 26, 26, -4, -55, 0, -51, -15,
    26, -32, -60, -17, -30, -36, -43, -30,
    0, 0, 0, 0, -9, 0, 0, 9,
    -9, 17, 4, -15, 17, 0, 0, -20,
    -3, 0, -3, 0, 4, 4, -7, 0,
    0, 0, 0, 0, 0, -9, 0, 0,
    0, 0, 9, 26, 2, 0, -9, 0,
    0, 0, 0, -4, -4, -9, 0, 0,
    4, 9, 0, 0, 0, 0, 9, 0,
    -5, 0, 34, 0, 17, 4, 4, -13,
    0, 17, 0, 0, 0, 9, 0, 0,
    0, 0, 0, 0, 0, 0, 0, 0,
    0, 26, 0, 26, 0, 0, 0, 0,
    0, 0, 0, 0, 0, 0, 0, 0,
    0, -51, 0, -9, 13, 0, 26, 0,
    0, 81, 9, -17, -17, 9, 9, -4,
    4, -43, 0, 0, 43, -51, 0, 0,
    0, 0, 0, 0, 0, 0, 0, 0,
    0, -60, 34, 119, 0, 0, 0, 0,
    0, 0, 0, 0, 0, 0, 0, 0,
    0, 0, 0, 0, 0, 0, 0, 0,
    0, 0, 0, 0, 0, 0, 0, 0,
    0, 0, 0, 0, 0, 0, 0, 0,
    0, 0, -10, 0, 0, -13, -6, 0,
    0, 0, 0, 0, 0, 0, 0, 0,
    0, 0, 0, 0, 0, 0, 0, 0,
    0, -4, 0, -21, 0, 0, 4, 0,
    0, 9, 107, -17, -7, 26, 21, -21,
    9, 0, 0, 9, 9, -13, 0, 0,
    0, 0, 0, 0, 0, 0, 0, 0,
    0, -111, 26, 0, 0, 0, 0, 0,
    0, 0, 0, 0, 0, 0, 0, 0,
    0, 0, 0, -24, 0, 0, 0, -21,
    0, 0, 0, 0, -17, -4, 0, 0,
    0, -17, 0, -9, 0, -38, 0, 0,
    0, 0, 0, 0, 0, 0, 0, 0,
    0, -55, 0, 0, 0, 0, 4, 0,
    0, 0, 0, 0, 0, -9, 0, 0,
    0, -13, 0, -21, 0, 0, 0, -13,
    9, -9, 0, 0, -21, -9, -20, 0,
    0, -21, 0, -9, 0, -38, 0, -13,
    0, 0, -64, -13, -34, -13, -32, 0,
    0, -55, 0, -21, -6, 0, 0, 0,
    0, 0, 0, 0, 0, -13, -15, -7,
    0, 0, 0, 0, -17, 0, -19, 13,
    -13, 17, 0, -4, -20, -4, -13, -13,
    0, -9, -4, -4, 6, -21, -4, 0,
    0, 0, -68, -9, -17, 0, -26, 0,
    -4, -38, -6, 0, 0, -4, -7, 0,
    0, 0, 0, 6, 0, -6, -13, -4,
    0, 0, 0, 0, 0, 0, 0, 0,
    0, 0, 0, 0, 0, 0, 0, 0,
    0, 0, 0, 0, 0, 0, 0, 0,
    0, 0, 0, 0, 0, 0, 0, 0,
    0, 0, 0, 0, 0, 0, 0, 0,
    0, 0, 0, 22, 0, 0, 0, 0,
    0, -17, 0, -4, 0, 0, 0, -17,
    9, 0, 0, 0, -21, -9, -17, 0,
    0, -24, 0, -9, 0, -38, 0, 0,
    0, 0, -81, 0, -17, -32, -43, 0,
    0, -55, 0, -6, -13, 0, 0, 0,
    0, 0, 0, 0, 0, -9, -13, -4,
    4, 0, 0, 13, -13, 0, 30, 38,
    -9, -9, -26, 9, 38, 13, 17, -21,
    9, 34, 9, 23, 17, 21, 0, 0,
    0, 0, 0, 0, 0, 0, 0, 0,
    0, 54, 38, -17, -9, 0, -7, 68,
    38, 68, 0, 0, 0, 9, 0, 0,
    0, 0, -10, 0, 0, 0, 0, 0,
    0, 0, 0, 0, -4, 0, 0, 0,
    0, 0, 0, 0, 0, 17, 0, 0,
    0, 0, -63, -9, -9, -32, -38, 0,
    0, -55, 0, 0, 0, 0, 0, 0,
    0, 0, 0, 0, 0, 0, 0, 0,
    0, 0, -10, 0, 0, 0, 0, 0,
    0, 0, 0, 0, -4, 0, 0, 0,
    0, 0, 0, 0, 0, 17, 0, 0,
    0, 0, -63, -9, -9, -32, -38, 0,
    0, -25, 0, 0, 0, 0, 0, 0,
    0, 0, 0, 0, 0, 0, 0, 0,
    0, 0, 0, 0, -9, 0, 0, 0,
    -21, 9, 0, -9, 9, 17, 9, -26,
    0, 0, -9, 9, 0, 9, 0, 0,
    0, 0, -15, 0, -6, -4, -17, 0,
    -6, -34, 0, 51, -9, 0, -19, -4,
    0, -4, -15, 0, -9, -26, -17, -10,
    0, 0, -10, 0, 0, 0, 0, 0,
    0, 0, 0, 0, -4, 0, 0, 0,
    0, 0, 0, 0, 0, 17, 0, 0,
    0, 0, -63, -9, -9, -32, -38, 0,
    0, -55, 0, 0, 0, 0, 0, 0,
    43, 0, 0, 0, 0, 0, 0, 0,
    0, 0, -10, 0, -26, -9, -6, 26,
    -7, -9, -34, 4, 0, 4, -4, -21,
    2, 19, 2, 9, 4, 9, -19, -36,
    -9, 0, -26, -13, -21, -34, -32, 0,
    -10, -17, -9, -13, -7, -4, -9, -4,
    0, -4, -3, 13, 0, 13, -4, 0,
    0, 0, 0, 0, 0, 0, 0, 0,
    0, 0, 0, 0, -4, -9, -9, 0,
    0, -21, 0, -4, 0, -13, 0, 0,
    0, 0, 0, 0, 0, 0, 0, 0,
    0, -51, 0, 0, 0, 0, 0, 0,
    0, 0, 0, 0, 0, -9, -9, 0,
    0, 0, 0, 0, -7, 0, 0, -13,
    -9, 9, 0, -13, -15, -4, 0, -21,
    -4, -17, -6, -9, 0, -13, 0, 0,
    0, 0, 0, 0, 0, 0, 0, 0,
    0, -55, 0, 26, 0, 0, -15, 0,
    0, 0, 0, -11, 0, -9, 0, 0,
    0, 0, -4, 0, -21, 0, 0, 34,
    -13, -28, -28, 4, 13, 13, 0, -26,
    4, 13, 4, 26, 4, 30, -4, -23,
    0, 0, -25, 0, 0, -26, -21, 0,
    0, -17, 0, -13, -15, 0, -13, 0,
    -13, 0, -6, 13, 0, -9, -26, -9,
    0, 0, -6, 0, -17, 0, 0, 13,
    -21, 0, 9, -9, 9, 4, 0, -30,
    0, -4, -4, 0, -9, 13, -9, 0,
    0, 0, -27, -9, -19, 0, -26, 0,
    0, -38, 0, 30, -9, 0, -15, 0,
    14, 0, -9, 0, -9, -26, 0, -9,
    0, 0, 0, 0, -4, 0, 0, 9,
    -11, 4, 0, 0, -9, -4, 0, -9,
    0, 0, 0, 0, 0, 0, 0, 0,
    0, 0, 0, 0, 0, 0, 0, 0,
    0, -51, 0, 17, 0, 0, -7, 0,
    0, 0, 0, 2, 0, -9, -9, 0
};


/*Collect the kern class' data in one place*/
static const lv_font_fmt_txt_kern_classes_t kern_classes =
{
    .class_pair_values   = kern_class_values,
    .left_class_mapping  = kern_left_class_mapping,
    .right_class_mapping = kern_right_class_mapping,
    .left_class_cnt      = 60,
    .right_class_cnt     = 48,
};

/*--------------------
 *  ALL CUSTOM DATA
 *--------------------*/

#if LVGL_VERSION_MAJOR == 8
/*Store all the custom data of the font*/
static  lv_font_fmt_txt_glyph_cache_t cache;
#endif

#if LVGL_VERSION_MAJOR >= 8
static const lv_font_fmt_txt_dsc_t font_dsc = {
#else
static lv_font_fmt_txt_dsc_t font_dsc = {
#endif
    .glyph_bitmap = glyph_bitmap,
    .glyph_dsc = glyph_dsc,
    .cmaps = cmaps,
    .kern_dsc = &kern_classes,
    .kern_scale = 21,
    .cmap_num = 1,
    .bpp = 1,
    .kern_classes = 1,
    .bitmap_format = 0,
#if LVGL_VERSION_MAJOR == 8
    .cache = &cache
#endif
};



/*-----------------
 *  PUBLIC FONT
 *----------------*/

/*Initialize a public general font descriptor*/
#if LVGL_VERSION_MAJOR >= 8
const lv_font_t lv_font_montserrat_48 = {
#else
lv_font_t lv_font_montserrat_48 = {
#endif
    .get_glyph_dsc = lv_font_get_glyph_dsc_fmt_txt,    /*Function pointer to get glyph's data*/
    .get_glyph_bitmap = lv_font_get_bitmap_fmt_txt,    /*Function pointer to get glyph's bitmap*/
    .line_height = 75,          /*The maximum line height required by the font*/
    .base_line = 15,             /*Baseline measured from the bottom of the line*/
#if !(LVGL_VERSION_MAJOR == 6 && LVGL_VERSION_MINOR == 0)
    .subpx = LV_FONT_SUBPX_NONE,
#endif
#if LV_VERSION_CHECK(7, 4, 0) || LVGL_VERSION_MAJOR >= 8
    .underline_position = -5,
    .underline_thickness = 4,
#endif
    .dsc = &font_dsc,          /*The custom font data. Will be accessed by `get_glyph_bitmap/dsc` */
#if LV_VERSION_CHECK(8, 2, 0) || LVGL_VERSION_MAJOR >= 9
    .fallback = NULL,
#endif
    .user_data = NULL,
};



#endif /*#if UI_FONT_HUGETEXT*/

